"a-size-base",a-link-normal href,"a-link-normal href 2","a-size-base 2","a-link-normal href 3","a-size-base 3","a-link-normal href 4","a-size-base 4","a-link-normal href 5","a-size-base 5"
"Cell Phone Brands","","","","","","","","",""
"Made for Amazon",https://www.amazon.in/s?k=mobiles&rh=p_n_format_browse-bin%3A30678581031&dc&crid=W3L9BCC7A335&qid=1692448784&rnid=30678573031&sprefix=mobile%2Caps%2C206&ref=sr_nr_p_n_format_browse-bin_1&ds=v1%3A%2BOh9nsutCtMsXKabS8d6sSJAXnjV1e%2Fa5osS%2FwsYVnI,https://www.amazon.in/s?k=mobiles&rh=p_n_format_browse-bin%3A30678580031&dc&crid=W3L9BCC7A335&qid=1692448784&rnid=30678573031&sprefix=mobile%2Caps%2C206&ref=sr_nr_p_n_format_browse-bin_2&ds=v1%3AL53LVj2XXV1Xm5aiOko7H07dsq44b5CWWzYJgyyUMZM,"Top Brands","","","","","",""
"Operating System","","","","","","","","",""
"Android 10.0",https://www.amazon.in/s?k=mobiles&rh=p_n_feature_thirty-one_browse-bin%3A51258730031&dc&crid=W3L9BCC7A335&qid=1692448784&rnid=51258619031&sprefix=mobile%2Caps%2C206&ref=sr_nr_p_n_feature_thirty-one_browse-bin_1&ds=v1%3Ad3zQ4aY%2FbTQFgVB1LHms40AuqPHZ%2B8ykDhDxjhjS8kk,"https://www.amazon.in/s?k=mobiles&rh=p_n_feature_thirty-one_browse-bin%3A51258744031&dc&crid=W3L9BCC7A335&qid=1692448784&rnid=51258619031&sprefix=mobile%2Caps%2C206&ref=sr_nr_p_n_feature_thirty-one_browse-bin_2&ds=v1%3AXWTGcjsT1jQc62ooy%2FhKKDijGsEkWqCXY5wSfGDfElI","Android 11.0",https://www.amazon.in/s?k=mobiles&rh=p_n_feature_thirty-one_browse-bin%3A51258733031&dc&crid=W3L9BCC7A335&qid=1692448784&rnid=51258619031&sprefix=mobile%2Caps%2C206&ref=sr_nr_p_n_feature_thirty-one_browse-bin_3&ds=v1%3AZfFntLGmY3BGCIGZiYzSmbE1SM5ue5K2zonEcso6wd8,"Android 12.0","https://www.amazon.in/s?k=mobiles&rh=p_n_feature_thirty-one_browse-bin%3A51258698031&dc&crid=W3L9BCC7A335&qid=1692448784&rnid=51258619031&sprefix=mobile%2Caps%2C206&ref=sr_nr_p_n_feature_thirty-one_browse-bin_4&ds=v1%3ArDNSQCHtlUjv84LWW36P5UVjtzb%2Bf%2F1ElQOFSt0huog","Android 13.0","https://www.amazon.in/s?k=mobiles&rh=p_n_feature_thirty-one_browse-bin%3A51258767031&dc&crid=W3L9BCC7A335&qid=1692448784&rnid=51258619031&sprefix=mobile%2Caps%2C206&ref=sr_nr_p_n_feature_thirty-one_browse-bin_5&ds=v1%3AthdqGpJEll5vX6myNTwVYbhubRJMUpBsegwhDA1Cd9E","Android 9.0"
"Pay On Delivery",,"","","","","","","",""
"Eligible for Pay On Delivery","https://www.amazon.in/s?k=mobiles&rh=p_n_is_cod_eligible%3A4931671031&dc&crid=W3L9BCC7A335&qid=1692448784&rnid=4931670031&sprefix=mobile%2Caps%2C206&ref=sr_nr_p_n_is_cod_eligible_1&ds=v1%3AM31t80f41%2B4EAdRFJ8DT0K9%2BoEmwEYJnTnUhlr2NZmw","","","","","","","",""
"Internal Memory","","","","","","","","",""
"Less than 3.9 GB","https://www.amazon.in/s?k=mobiles&rh=p_n_feature_eight_browse-bin%3A8561118031&dc&crid=W3L9BCC7A335&qid=1692448784&rnid=8561111031&sprefix=mobile%2Caps%2C206&ref=sr_nr_p_n_feature_eight_browse-bin_1&ds=v1%3AsBMd1VtgQyWKZZZMsy77ADxZ%2Bm%2BR0GlXYimDP52qTJo","https://www.amazon.in/s?k=mobiles&rh=p_n_feature_eight_browse-bin%3A8561115031&dc&crid=W3L9BCC7A335&qid=1692448784&rnid=8561111031&sprefix=mobile%2Caps%2C206&ref=sr_nr_p_n_feature_eight_browse-bin_2&ds=v1%3AMTDAD6QZmW6pIihJQRWjKazttl3GshfqorBu6%2Bkb0bo","4 GB","https://www.amazon.in/s?k=mobiles&rh=p_n_feature_eight_browse-bin%3A8561117031&dc&crid=W3L9BCC7A335&qid=1692448784&rnid=8561111031&sprefix=mobile%2Caps%2C206&ref=sr_nr_p_n_feature_eight_browse-bin_3&ds=v1%3ANm%2FlHrYSxfF3HA0A8XRZ21LOv%2FW%2BiIGHNQNZWFBLl%2Fc","8 GB","https://www.amazon.in/s?k=mobiles&rh=p_n_feature_eight_browse-bin%3A8561113031&dc&crid=W3L9BCC7A335&qid=1692448784&rnid=8561111031&sprefix=mobile%2Caps%2C206&ref=sr_nr_p_n_feature_eight_browse-bin_4&ds=v1%3AcOdNFGudnWyVLH6SP%2BCoXMhm8LPW6SrD2fQfc46ySys","16 GB","https://www.amazon.in/s?k=mobiles&rh=p_n_feature_eight_browse-bin%3A8561114031&dc&crid=W3L9BCC7A335&qid=1692448784&rnid=8561111031&sprefix=mobile%2Caps%2C206&ref=sr_nr_p_n_feature_eight_browse-bin_5&ds=v1%3AxcWeID%2F6gk7Ssy01VYwTEVAb7JNgvESfUbPVxqXlFzI","32 GB"
"Item Weight","","","","","","","","",""
"Up to 141.9 g","https://www.amazon.in/s?k=mobiles&rh=p_n_feature_twenty-seven_browse-bin%3A42659590031&dc&crid=W3L9BCC7A335&qid=1692448784&rnid=42659587031&sprefix=mobile%2Caps%2C206&ref=sr_nr_p_n_feature_twenty-seven_browse-bin_1&ds=v1%3AK961d6%2F70WvnhL%2BPbcSdcYGBTjVRf9LzQYPXpG3SUc0","https://www.amazon.in/s?k=mobiles&rh=p_n_feature_twenty-seven_browse-bin%3A42659588031&dc&crid=W3L9BCC7A335&qid=1692448784&rnid=42659587031&sprefix=mobile%2Caps%2C206&ref=sr_nr_p_n_feature_twenty-seven_browse-bin_2&ds=v1%3AZOY8Do4Rl9oaptJ22vl%2FWRuOzaP8mrV4UGWge%2Fgy68U","142 to 197.9 g","https://www.amazon.in/s?k=mobiles&rh=p_n_feature_twenty-seven_browse-bin%3A42659589031&dc&crid=W3L9BCC7A335&qid=1692448784&rnid=42659587031&sprefix=mobile%2Caps%2C206&ref=sr_nr_p_n_feature_twenty-seven_browse-bin_3&ds=v1%3AeFDU3TFnHPRQoj4ibhJHvM4Hh5kzCbfczPGYSGylHAU","198 to 254.9 g","https://www.amazon.in/s?k=mobiles&rh=p_n_feature_twenty-seven_browse-bin%3A42659591031&dc&crid=W3L9BCC7A335&qid=1692448784&rnid=42659587031&sprefix=mobile%2Caps%2C206&ref=sr_nr_p_n_feature_twenty-seven_browse-bin_4&ds=v1%3AbhQQ1kBTk5%2BJftOIbw1Jn8Xf8SARQds9cTdHpwH6oiA","255 g & Above","",""
"Screen Size","","","","","","","","",""
"Up to 3.9 in","https://www.amazon.in/s?k=mobiles&rh=p_n_feature_six_browse-bin%3A6631752031&dc&crid=W3L9BCC7A335&qid=1692448784&rnid=6631751031&sprefix=mobile%2Caps%2C206&ref=sr_nr_p_n_feature_six_browse-bin_1&ds=v1%3AiNJivaRSHr7p14OiFoFwmJoXfQiFTrDwh7L4Rc88uOs","https://www.amazon.in/s?k=mobiles&rh=p_n_feature_six_browse-bin%3A6631753031&dc&crid=W3L9BCC7A335&qid=1692448784&rnid=6631751031&sprefix=mobile%2Caps%2C206&ref=sr_nr_p_n_feature_six_browse-bin_2&ds=v1%3AsSUn32cZ2Vs8BuY%2B67yb1tdpw3keAcJhEKC9gAu%2FS%2Bk","4 to 4.4 in","https://www.amazon.in/s?k=mobiles&rh=p_n_feature_six_browse-bin%3A6631754031&dc&crid=W3L9BCC7A335&qid=1692448784&rnid=6631751031&sprefix=mobile%2Caps%2C206&ref=sr_nr_p_n_feature_six_browse-bin_3&ds=v1%3AVaEa38R6g0htsCsWgg9XsewGkOrB1t0LhZxnLVbpHpE","4.5 to 4.9 in","https://www.amazon.in/s?k=mobiles&rh=p_n_feature_six_browse-bin%3A6631755031&dc&crid=W3L9BCC7A335&qid=1692448784&rnid=6631751031&sprefix=mobile%2Caps%2C206&ref=sr_nr_p_n_feature_six_browse-bin_4&ds=v1%3AX%2Fw2BDKMVglXfzHZF2e9qKEzYXaOfkuyG6JvvFTG1NA","5 to 5.4 in","https://www.amazon.in/s?k=mobiles&rh=p_n_feature_six_browse-bin%3A6631756031&dc&crid=W3L9BCC7A335&qid=1692448784&rnid=6631751031&sprefix=mobile%2Caps%2C206&ref=sr_nr_p_n_feature_six_browse-bin_5&ds=v1%3AOkXNMnc32EbcyjycB6VLLUC%2FNIeVFOhAh%2FiFf7yM39s","5.5 in & above"
"Processor Speed","","","","","","","","",""
"Less Than 0.99 GHz","https://www.amazon.in/s?k=mobiles&rh=p_n_feature_nine_browse-bin%3A8561128031&dc&crid=W3L9BCC7A335&qid=1692448784&rnid=8561123031&sprefix=mobile%2Caps%2C206&ref=sr_nr_p_n_feature_nine_browse-bin_1&ds=v1%3Ail2RREOl9JFXu7SePEOweAYXcKoeLtwh%2F407Z20bsPs","https://www.amazon.in/s?k=mobiles&rh=p_n_feature_nine_browse-bin%3A8561124031&dc&crid=W3L9BCC7A335&qid=1692448784&rnid=8561123031&sprefix=mobile%2Caps%2C206&ref=sr_nr_p_n_feature_nine_browse-bin_2&ds=v1%3AZMcdwXhqcaXAFLvwaVm5wCC8JNZmtGTWzjCy%2FEz%2FK4U","1 - 1.49 GHz","https://www.amazon.in/s?k=mobiles&rh=p_n_feature_nine_browse-bin%3A8561125031&dc&crid=W3L9BCC7A335&qid=1692448784&rnid=8561123031&sprefix=mobile%2Caps%2C206&ref=sr_nr_p_n_feature_nine_browse-bin_3&ds=v1%3AiTXWvxD9mi4V4d1NCbF37Dj5rs3uPhdYftyMHdqMPNg","1.5 - 1.99 GHz","https://www.amazon.in/s?k=mobiles&rh=p_n_feature_nine_browse-bin%3A8561126031&dc&crid=W3L9BCC7A335&qid=1692448784&rnid=8561123031&sprefix=mobile%2Caps%2C206&ref=sr_nr_p_n_feature_nine_browse-bin_4&ds=v1%3ADvmyixfw4kx2a1HCl0FVV0KVQWJkQkeh58p0IdhKNt0","2 - 2.4 GHz","https://www.amazon.in/s?k=mobiles&rh=p_n_feature_nine_browse-bin%3A8561127031&dc&crid=W3L9BCC7A335&qid=1692448784&rnid=8561123031&sprefix=mobile%2Caps%2C206&ref=sr_nr_p_n_feature_nine_browse-bin_5&ds=v1%3Afl9W979yFdcincGCsUifk0%2FnXtFfjpo68sfH3qzedPw","2.5 GHz & Above"
"Colour","","","","","","","","",""
"Form Factor","","","","","","","","",""
"Bar","https://www.amazon.in/s?k=mobiles&rh=p_n_feature_twenty-three_browse-bin%3A28161950031&dc&crid=W3L9BCC7A335&qid=1692448784&rnid=28161949031&sprefix=mobile%2Caps%2C206&ref=sr_nr_p_n_feature_twenty-three_browse-bin_1&ds=v1%3AQ84ytT7c4DFWqfbXDDOFUj3CezG4xM7tFB%2BOKxYGsBA","https://www.amazon.in/s?k=mobiles&rh=p_n_feature_twenty-three_browse-bin%3A28161951031&dc&crid=W3L9BCC7A335&qid=1692448784&rnid=28161949031&sprefix=mobile%2Caps%2C206&ref=sr_nr_p_n_feature_twenty-three_browse-bin_2&ds=v1%3AuYxzLnYozIwi2YnV84%2F%2Fhi1cIsbhpiLncKFegbWklnE","Foldable Case","https://www.amazon.in/s?k=mobiles&rh=p_n_feature_twenty-three_browse-bin%3A28161952031&dc&crid=W3L9BCC7A335&qid=1692448784&rnid=28161949031&sprefix=mobile%2Caps%2C206&ref=sr_nr_p_n_feature_twenty-three_browse-bin_3&ds=v1%3AOPuUk%2Fwqp9EhRH169bSiqjm%2F7o1wOX8wRal%2B0qPVr5s","Foldable Screen","https://www.amazon.in/s?k=mobiles&rh=p_n_feature_twenty-three_browse-bin%3A28161953031&dc&crid=W3L9BCC7A335&qid=1692448784&rnid=28161949031&sprefix=mobile%2Caps%2C206&ref=sr_nr_p_n_feature_twenty-three_browse-bin_4&ds=v1%3AEZUbzvTkU804dr7D3JJrFNGk65ipTsla26Y%2B6a727aM","Slate","https://www.amazon.in/s?k=mobiles&rh=p_n_feature_twenty-three_browse-bin%3A28161954031&dc&crid=W3L9BCC7A335&qid=1692448784&rnid=28161949031&sprefix=mobile%2Caps%2C206&ref=sr_nr_p_n_feature_twenty-three_browse-bin_5&ds=v1%3ANNZ6b68YHP2xLxQwSX4FxBWbydrOsnEAd%2BNBy7P0AyE","Slider"
"Battery Capacity","","","","","","","","",""
"Less Than 999 mAh","https://www.amazon.in/s?k=mobiles&rh=p_n_feature_thirteen_browse-bin%3A8561103031&dc&crid=W3L9BCC7A335&qid=1692448784&rnid=8561098031&sprefix=mobile%2Caps%2C206&ref=sr_nr_p_n_feature_thirteen_browse-bin_1&ds=v1%3AA6P3g6JEzkbA3mfIz%2FYT7UW0bO0J2T2%2FMLXCKSgMV0k","https://www.amazon.in/s?k=mobiles&rh=p_n_feature_thirteen_browse-bin%3A8561099031&dc&crid=W3L9BCC7A335&qid=1692448784&rnid=8561098031&sprefix=mobile%2Caps%2C206&ref=sr_nr_p_n_feature_thirteen_browse-bin_2&ds=v1%3AOx%2BPK2Hz07Ixrwe7m30GXAg7%2B49LNycIwtrMaAF8qKU","1000 - 1999 mAh","https://www.amazon.in/s?k=mobiles&rh=p_n_feature_thirteen_browse-bin%3A8561100031&dc&crid=W3L9BCC7A335&qid=1692448784&rnid=8561098031&sprefix=mobile%2Caps%2C206&ref=sr_nr_p_n_feature_thirteen_browse-bin_3&ds=v1%3A%2BySmhAhIOVNkuBVa7m61ZliuslTK0sf35GbLczqY1kQ","2000 - 2999 mAh","https://www.amazon.in/s?k=mobiles&rh=p_n_feature_thirteen_browse-bin%3A8561101031&dc&crid=W3L9BCC7A335&qid=1692448784&rnid=8561098031&sprefix=mobile%2Caps%2C206&ref=sr_nr_p_n_feature_thirteen_browse-bin_4&ds=v1%3AZf7sTKVa0gbkzava%2FDWhJUpcRH%2BuoFgB1ziEvBkvOBk","3000 - 3999 mAh","https://www.amazon.in/s?k=mobiles&rh=p_n_feature_thirteen_browse-bin%3A8561102031&dc&crid=W3L9BCC7A335&qid=1692448784&rnid=8561098031&sprefix=mobile%2Caps%2C206&ref=sr_nr_p_n_feature_thirteen_browse-bin_5&ds=v1%3AGEHBmrUmljQ8tsUymXe4pOquNxajemTM%2F3%2Fi7CBFpig","4000 mAh & More"
"Sim Card Size","","","","","","","","",""
"Nano","https://www.amazon.in/s?k=mobiles&rh=p_n_feature_twelve_browse-bin%3A27179455031&dc&crid=W3L9BCC7A335&qid=1692448784&rnid=27179438031&sprefix=mobile%2Caps%2C206&ref=sr_nr_p_n_feature_twelve_browse-bin_1&ds=v1%3Ai%2Fqq%2FVWxDIjUdNkQm%2BnK108BTHp4663Vr3L0HOqfnyg","","","","","","","",""
"Mobile Phone Connectivity Technology","","","","","","","","",""
"Bluetooth","https://www.amazon.in/s?k=mobiles&rh=p_n_feature_twenty_browse-bin%3A27363277031&dc&crid=W3L9BCC7A335&qid=1692448784&rnid=27363274031&sprefix=mobile%2Caps%2C206&ref=sr_nr_p_n_feature_twenty_browse-bin_1&ds=v1%3ABzSToY7iom56gCrpRs2B1KVsBj%2FdISX5TIAByc0440g","https://www.amazon.in/s?k=mobiles&rh=p_n_feature_twenty_browse-bin%3A27363275031&dc&crid=W3L9BCC7A335&qid=1692448784&rnid=27363274031&sprefix=mobile%2Caps%2C206&ref=sr_nr_p_n_feature_twenty_browse-bin_2&ds=v1%3AZJATNEpfNZvtX0zAGkEd515v2GMQRwfJlnxJb0Myv%2F8","Infrared","https://www.amazon.in/s?k=mobiles&rh=p_n_feature_twenty_browse-bin%3A27363279031&dc&crid=W3L9BCC7A335&qid=1692448784&rnid=27363274031&sprefix=mobile%2Caps%2C206&ref=sr_nr_p_n_feature_twenty_browse-bin_3&ds=v1%3AOPjyEVE4jTg2u0p7XttIaNm%2F9vcbhAo6UIZQVyvjXBM","NFC","https://www.amazon.in/s?k=mobiles&rh=p_n_feature_twenty_browse-bin%3A27363276031&dc&crid=W3L9BCC7A335&qid=1692448784&rnid=27363274031&sprefix=mobile%2Caps%2C206&ref=sr_nr_p_n_feature_twenty_browse-bin_4&ds=v1%3AqNaReiemhGrr46gVL208PDtqpI9HJExWPOyWsUCb9Lg","USB","https://www.amazon.in/s?k=mobiles&rh=p_n_feature_twenty_browse-bin%3A27363278031&dc&crid=W3L9BCC7A335&qid=1692448784&rnid=27363274031&sprefix=mobile%2Caps%2C206&ref=sr_nr_p_n_feature_twenty_browse-bin_5&ds=v1%3AQxrEXrSYd7HyKa3n2T2TXt6CEHgPfg%2FjXm%2BB9P%2FC9t8","Wi-Fi"
"Display Type","","","","","","","","",""
"AMOLED","https://www.amazon.in/s?k=mobiles&rh=p_n_feature_thirty-four_browse-bin%3A66009619031&dc&crid=W3L9BCC7A335&qid=1692448784&rnid=66009617031&sprefix=mobile%2Caps%2C206&ref=sr_nr_p_n_feature_thirty-four_browse-bin_1&ds=v1%3Asa6mGeI0tNC8K48tAWtY3vWw7ZQD6rUasHSzU4RkhHA","https://www.amazon.in/s?k=mobiles&rh=p_n_feature_thirty-four_browse-bin%3A66009618031&dc&crid=W3L9BCC7A335&qid=1692448784&rnid=66009617031&sprefix=mobile%2Caps%2C206&ref=sr_nr_p_n_feature_thirty-four_browse-bin_2&ds=v1%3APbtdEyg%2FW7SNZtjyuM0UEiQTkHNr44S%2FOF0fpXvYgqc","LCD","https://www.amazon.in/s?k=mobiles&rh=p_n_feature_thirty-four_browse-bin%3A66009620031&dc&crid=W3L9BCC7A335&qid=1692448784&rnid=66009617031&sprefix=mobile%2Caps%2C206&ref=sr_nr_p_n_feature_thirty-four_browse-bin_3&ds=v1%3AbTQpe2ZUqIuMxpfBGo1IjO7IvOdKuYxgFTlK7cAcWhc","OLED","","","",""
"Included Components","","","","","","","","",""
"Phone Case","https://www.amazon.in/s?k=mobiles&rh=p_n_feature_thirty-three_browse-bin%3A66008623031&dc&crid=W3L9BCC7A335&qid=1692448784&rnid=66008593031&sprefix=mobile%2Caps%2C206&ref=sr_nr_p_n_feature_thirty-three_browse-bin_1&ds=v1%3Am%2Bl6qmEz2kuxIg9b47a%2F1A3l430jocP8NeQwnp25P%2BI","https://www.amazon.in/s?k=mobiles&rh=p_n_feature_thirty-three_browse-bin%3A66008624031&dc&crid=W3L9BCC7A335&qid=1692448784&rnid=66008593031&sprefix=mobile%2Caps%2C206&ref=sr_nr_p_n_feature_thirty-three_browse-bin_2&ds=v1%3AUbq2WCPPH53FRRAPyvFiuE%2BdCTZwrPg%2FV2o02WuW%2BHo","Power Adapter","https://www.amazon.in/s?k=mobiles&rh=p_n_feature_thirty-three_browse-bin%3A66008617031&dc&crid=W3L9BCC7A335&qid=1692448784&rnid=66008593031&sprefix=mobile%2Caps%2C206&ref=sr_nr_p_n_feature_thirty-three_browse-bin_3&ds=v1%3AqG84WgrkeONut2g5ZOL4Nyc7WvH640gTxcuMKdgG7MY","SIM Tray Ejector","https://www.amazon.in/s?k=mobiles&rh=p_n_feature_thirty-three_browse-bin%3A66008618031&dc&crid=W3L9BCC7A335&qid=1692448784&rnid=66008593031&sprefix=mobile%2Caps%2C206&ref=sr_nr_p_n_feature_thirty-three_browse-bin_4&ds=v1%3Aad43KhV4Bark2NEyeaAzKgt3INKkZlM2meUk6ocLeNQ","USB Cable","https://www.amazon.in/s?k=mobiles&rh=p_n_feature_thirty-three_browse-bin%3A66008622031&dc&crid=W3L9BCC7A335&qid=1692448784&rnid=66008593031&sprefix=mobile%2Caps%2C206&ref=sr_nr_p_n_feature_thirty-three_browse-bin_5&ds=v1%3Ac28j78ixFN4RNj8biyxgiedeDaDGoC0G3G7swoM0tIY","Screen Protector"
"Mobile Phone Shooting Modes","","","","","","","","",""
"Aperture Priority","https://www.amazon.in/s?k=mobiles&rh=p_n_feature_sixteen_browse-bin%3A27316763031&dc&crid=W3L9BCC7A335&qid=1692448784&rnid=27316761031&sprefix=mobile%2Caps%2C206&ref=sr_nr_p_n_feature_sixteen_browse-bin_1&ds=v1%3AhBeFd1M%2FbJNf0HCW4M8zFiqvAG9RG7hungpBxzn8j3k","https://www.amazon.in/s?k=mobiles&rh=p_n_feature_sixteen_browse-bin%3A27316764031&dc&crid=W3L9BCC7A335&qid=1692448784&rnid=27316761031&sprefix=mobile%2Caps%2C206&ref=sr_nr_p_n_feature_sixteen_browse-bin_2&ds=v1%3A1tzgueUzdnyGSw3t%2BAmRHHgs4zk8XNx5AR%2FkXyAtgks","Automatic","https://www.amazon.in/s?k=mobiles&rh=p_n_feature_sixteen_browse-bin%3A27316767031&dc&crid=W3L9BCC7A335&qid=1692448784&rnid=27316761031&sprefix=mobile%2Caps%2C206&ref=sr_nr_p_n_feature_sixteen_browse-bin_3&ds=v1%3A62U1Aids2cDfMRT4BCHSUoaeGj21sdlaPbG5OD7lZRE","High Dynamic Range","https://www.amazon.in/s?k=mobiles&rh=p_n_feature_sixteen_browse-bin%3A27316769031&dc&crid=W3L9BCC7A335&qid=1692448784&rnid=27316761031&sprefix=mobile%2Caps%2C206&ref=sr_nr_p_n_feature_sixteen_browse-bin_4&ds=v1%3APRUtQSSrAvuA6tpUE%2FHw1hFVGcEOoGBgd9lwu4HczRo","Macro","https://www.amazon.in/s?k=mobiles&rh=p_n_feature_sixteen_browse-bin%3A27316772031&dc&crid=W3L9BCC7A335&qid=1692448784&rnid=27316761031&sprefix=mobile%2Caps%2C206&ref=sr_nr_p_n_feature_sixteen_browse-bin_5&ds=v1%3A9hSi1Q7dpdytPdV2NI4j5F7vKnDKf%2FStTYZ1hpRdjK4","Manual"
"Front Photo Sensor Resolution","","","","","","","","",""
"Up to 6.9 MP","https://www.amazon.in/s?k=mobiles&rh=p_n_feature_thirty-two_browse-bin%3A61505203031&dc&crid=W3L9BCC7A335&qid=1692448784&rnid=61505195031&sprefix=mobile%2Caps%2C206&ref=sr_nr_p_n_feature_thirty-two_browse-bin_1&ds=v1%3Ae36ZTQkaYw4btLzvP4%2FQ0pdUVIMZfL4EpA1a%2FIVl49g","https://www.amazon.in/s?k=mobiles&rh=p_n_feature_thirty-two_browse-bin%3A61505201031&dc&crid=W3L9BCC7A335&qid=1692448784&rnid=61505195031&sprefix=mobile%2Caps%2C206&ref=sr_nr_p_n_feature_thirty-two_browse-bin_2&ds=v1%3AWjAtNVmjtXrfhBFRd541%2Bx1WNgOKHO8SMD1UDpdDD1g","7.0 to 9.9 MP","https://www.amazon.in/s?k=mobiles&rh=p_n_feature_thirty-two_browse-bin%3A61505199031&dc&crid=W3L9BCC7A335&qid=1692448784&rnid=61505195031&sprefix=mobile%2Caps%2C206&ref=sr_nr_p_n_feature_thirty-two_browse-bin_3&ds=v1%3A0v1vAMDJB54xyzqTE4a%2BcTU5WveZRwoCCONwWN3PuYE","10.0 to 12.9 MP","https://www.amazon.in/s?k=mobiles&rh=p_n_feature_thirty-two_browse-bin%3A61505197031&dc&crid=W3L9BCC7A335&qid=1692448784&rnid=61505195031&sprefix=mobile%2Caps%2C206&ref=sr_nr_p_n_feature_thirty-two_browse-bin_4&ds=v1%3AXnGDs%2F7umhJb%2BwZO9kmcMosbQfh%2Bj4DYDh5l9gmYrF0","13.0 MP & above","",""
"Mobile Phone Biometric Security Feature","","","","","","","","",""
"Face Recognition","https://www.amazon.in/s?k=mobiles&rh=p_n_feature_eighteen_browse-bin%3A27355807031&dc&crid=W3L9BCC7A335&qid=1692448784&rnid=27355796031&sprefix=mobile%2Caps%2C206&ref=sr_nr_p_n_feature_eighteen_browse-bin_1&ds=v1%3AoosLQSkJLSy4MH2sByAP1x2aX9L42XpowI5ODEPP09g","https://www.amazon.in/s?k=mobiles&rh=p_n_feature_eighteen_browse-bin%3A27355812031&dc&crid=W3L9BCC7A335&qid=1692448784&rnid=27355796031&sprefix=mobile%2Caps%2C206&ref=sr_nr_p_n_feature_eighteen_browse-bin_2&ds=v1%3AymOOtNi%2BOUK7ctATjlprXqQ0iOGzEAtSPemdz4ZSvEA","Fingerprint Recognition","","","","","",""
"Refresh Rate","","","","","","","","",""
"Up to 88 Hz","https://www.amazon.in/s?k=mobiles&rh=p_n_feature_twenty-eight_browse-bin%3A56163446031&dc&crid=W3L9BCC7A335&qid=1692448784&rnid=56162597031&sprefix=mobile%2Caps%2C206&ref=sr_nr_p_n_feature_twenty-eight_browse-bin_1&ds=v1%3Akxf16sYMwkGhR%2FhC1qy5IXoEd%2BlPiMw68O5jJE%2FXEjI","https://www.amazon.in/s?k=mobiles&rh=p_n_feature_twenty-eight_browse-bin%3A56163444031&dc&crid=W3L9BCC7A335&qid=1692448784&rnid=56162597031&sprefix=mobile%2Caps%2C206&ref=sr_nr_p_n_feature_twenty-eight_browse-bin_2&ds=v1%3A%2F8ClXFoxPJQ7Ro%2BRblpktfFpUrGSZbkfQav1%2Bk945qc","89 to 104 Hz","https://www.amazon.in/s?k=mobiles&rh=p_n_feature_twenty-eight_browse-bin%3A56163447031&dc&crid=W3L9BCC7A335&qid=1692448784&rnid=56162597031&sprefix=mobile%2Caps%2C206&ref=sr_nr_p_n_feature_twenty-eight_browse-bin_3&ds=v1%3ASku%2BGCk2xMjx5XGZ7sgJ7ogPJsvC01s2ETEPpDfWyH8","105 to 120 Hz","https://www.amazon.in/s?k=mobiles&rh=p_n_feature_twenty-eight_browse-bin%3A56163445031&dc&crid=W3L9BCC7A335&qid=1692448784&rnid=56162597031&sprefix=mobile%2Caps%2C206&ref=sr_nr_p_n_feature_twenty-eight_browse-bin_4&ds=v1%3Asv%2Bn5QMhnXtvHfkYseZSeLJykN%2BN%2FnrGlumBkA3nuYE","121 Hz & above","",""
"Mobile Phone Primary Camera Resolution","","","","","","","","",""
"Up to 3.9 MP","https://www.amazon.in/s?k=mobiles&rh=p_n_feature_fourteen_browse-bin%3A21329551031&dc&crid=W3L9BCC7A335&qid=1692448784&rnid=21345983031&sprefix=mobile%2Caps%2C206&ref=sr_nr_p_n_feature_fourteen_browse-bin_1&ds=v1%3Alj8FBZPkYbfyB5DGs6yhgRS5dQBTBovHNIUsY2oGnnI","https://www.amazon.in/s?k=mobiles&rh=p_n_feature_fourteen_browse-bin%3A21329552031&dc&crid=W3L9BCC7A335&qid=1692448784&rnid=21345983031&sprefix=mobile%2Caps%2C206&ref=sr_nr_p_n_feature_fourteen_browse-bin_2&ds=v1%3ApesFH2WM1keNzxFJc6Fh0jidlQEGIV4EEuRF4kBRo1I","4 - 7.9 MP","https://www.amazon.in/s?k=mobiles&rh=p_n_feature_fourteen_browse-bin%3A21329553031&dc&crid=W3L9BCC7A335&qid=1692448784&rnid=21345983031&sprefix=mobile%2Caps%2C206&ref=sr_nr_p_n_feature_fourteen_browse-bin_3&ds=v1%3Anm61OjPvQaqK0qoX61mx%2FAmnWDzidkpHKgkZWJpiY6w","8 - 11.9 MP","https://www.amazon.in/s?k=mobiles&rh=p_n_feature_fourteen_browse-bin%3A21329554031&dc&crid=W3L9BCC7A335&qid=1692448784&rnid=21345983031&sprefix=mobile%2Caps%2C206&ref=sr_nr_p_n_feature_fourteen_browse-bin_4&ds=v1%3ABpLXJe4lRC%2FZW19RYyQRFFF6wNF%2FniBx032oQBdWn4k","12 - 15.9 MP","https://www.amazon.in/s?k=mobiles&rh=p_n_feature_fourteen_browse-bin%3A21329555031&dc&crid=W3L9BCC7A335&qid=1692448784&rnid=21345983031&sprefix=mobile%2Caps%2C206&ref=sr_nr_p_n_feature_fourteen_browse-bin_5&ds=v1%3AyX5scVkYYzps3EYTJd%2BE%2Fr55LwbrbdP3DWfsSmk9Ds8","16 - 19.9 MP"
"Mobile Phone Human Interface Input","","","","","","","","",""
"Buttons","https://www.amazon.in/s?k=mobiles&rh=p_n_feature_nineteen_browse-bin%3A27362063031&dc&crid=W3L9BCC7A335&qid=1692448784&rnid=27362059031&sprefix=mobile%2Caps%2C206&ref=sr_nr_p_n_feature_nineteen_browse-bin_1&ds=v1%3AwCRi1HGktW9fIaSoArOmAiKZxiQ%2Br4Bj%2FPr%2BuXbHP4k","https://www.amazon.in/s?k=mobiles&rh=p_n_feature_nineteen_browse-bin%3A27362072031&dc&crid=W3L9BCC7A335&qid=1692448784&rnid=27362059031&sprefix=mobile%2Caps%2C206&ref=sr_nr_p_n_feature_nineteen_browse-bin_2&ds=v1%3A5HYDeqQtjGSDQAnMlH%2BtWbCj5gMq%2F%2B%2F18aOAeJIFqn4","Dial","https://www.amazon.in/s?k=mobiles&rh=p_n_feature_nineteen_browse-bin%3A27362071031&dc&crid=W3L9BCC7A335&qid=1692448784&rnid=27362059031&sprefix=mobile%2Caps%2C206&ref=sr_nr_p_n_feature_nineteen_browse-bin_3&ds=v1%3An0iFfcU5VefamPxTYWPCWyjNDIRAU4COKGdl25J1nFQ","OCR","https://www.amazon.in/s?k=mobiles&rh=p_n_feature_nineteen_browse-bin%3A27362069031&dc&crid=W3L9BCC7A335&qid=1692448784&rnid=27362059031&sprefix=mobile%2Caps%2C206&ref=sr_nr_p_n_feature_nineteen_browse-bin_4&ds=v1%3AaQJY2DpcSx%2B7WU%2Bx7RMF6%2FZ3PFel72E7xI6C0Kh4YxE","Keyboard","https://www.amazon.in/s?k=mobiles&rh=p_n_feature_nineteen_browse-bin%3A27362068031&dc&crid=W3L9BCC7A335&qid=1692448784&rnid=27362059031&sprefix=mobile%2Caps%2C206&ref=sr_nr_p_n_feature_nineteen_browse-bin_5&ds=v1%3A%2BAIfCui0BHp6mvaKP4Mq8y4MMOpyA%2BSzJ5GgRE9VM8M","Keypad"
"SIM Card Slot Count","","","","","","","","",""
"Single SIM","https://www.amazon.in/s?k=mobiles&rh=p_n_feature_fifteen_browse-bin%3A27179458031&dc&crid=W3L9BCC7A335&qid=1692448784&rnid=27179439031&sprefix=mobile%2Caps%2C206&ref=sr_nr_p_n_feature_fifteen_browse-bin_1&ds=v1%3AHY1D9OqtLkJW2kNcfq%2FIAQdDUb%2B0oBVmNDhqtF30TgQ","https://www.amazon.in/s?k=mobiles&rh=p_n_feature_fifteen_browse-bin%3A27179459031&dc&crid=W3L9BCC7A335&qid=1692448784&rnid=27179439031&sprefix=mobile%2Caps%2C206&ref=sr_nr_p_n_feature_fifteen_browse-bin_2&ds=v1%3AW8hYT43ZcPt9PYxxguKdcJHGRCdpA7WV7%2ByDUhk53fg","Dual SIM","","","","","",""
"Cell Phone Connector Type","","","","","","","","",""
"3.5 mm Jack","https://www.amazon.in/s?k=mobiles&rh=p_n_feature_twenty-two_browse-bin%3A27403492031&dc&crid=W3L9BCC7A335&qid=1692448784&rnid=27403487031&sprefix=mobile%2Caps%2C206&ref=sr_nr_p_n_feature_twenty-two_browse-bin_1&ds=v1%3AUFyhxtD2loxqIK3%2F3doPqZAjaLc864ntdDTVMg%2B1E%2BU","https://www.amazon.in/s?k=mobiles&rh=p_n_feature_twenty-two_browse-bin%3A27403489031&dc&crid=W3L9BCC7A335&qid=1692448784&rnid=27403487031&sprefix=mobile%2Caps%2C206&ref=sr_nr_p_n_feature_twenty-two_browse-bin_2&ds=v1%3AHrtVOr76aLgPcx1Nb7kAqz4dw8ACcNphxBIlzgNCx8w","Lightning","https://www.amazon.in/s?k=mobiles&rh=p_n_feature_twenty-two_browse-bin%3A27403488031&dc&crid=W3L9BCC7A335&qid=1692448784&rnid=27403487031&sprefix=mobile%2Caps%2C206&ref=sr_nr_p_n_feature_twenty-two_browse-bin_3&ds=v1%3AY2awi6QocIWPCKuhhMtW6cc5Cfnt3PLMDRQbymwFf9A","Micro USB","https://www.amazon.in/s?k=mobiles&rh=p_n_feature_twenty-two_browse-bin%3A27403490031&dc&crid=W3L9BCC7A335&qid=1692448784&rnid=27403487031&sprefix=mobile%2Caps%2C206&ref=sr_nr_p_n_feature_twenty-two_browse-bin_4&ds=v1%3ADAr8GQS%2FFTIFuMm3n2CyaFMMrGe7hZ86eVnd0Enlon8","Mini USB","https://www.amazon.in/s?k=mobiles&rh=p_n_feature_twenty-two_browse-bin%3A27403491031&dc&crid=W3L9BCC7A335&qid=1692448784&rnid=27403487031&sprefix=mobile%2Caps%2C206&ref=sr_nr_p_n_feature_twenty-two_browse-bin_5&ds=v1%3AqlvOjTMc9PawGN3fofR5KK6VFEXcIOmgnMrfF7O28d4","USB Type C"
"Mobile Phone Resolution","","","","","","","","",""
"1080 x 2160","https://www.amazon.in/s?k=mobiles&rh=p_n_feature_seventeen_browse-bin%3A27345203031&dc&crid=W3L9BCC7A335&qid=1692448784&rnid=27345181031&sprefix=mobile%2Caps%2C206&ref=sr_nr_p_n_feature_seventeen_browse-bin_1&ds=v1%3AH4ttjTxFtcd3acceRQQjInkD1yhgpSMN4qWk7USzrwI","https://www.amazon.in/s?k=mobiles&rh=p_n_feature_seventeen_browse-bin%3A27345227031&dc&crid=W3L9BCC7A335&qid=1692448784&rnid=27345181031&sprefix=mobile%2Caps%2C206&ref=sr_nr_p_n_feature_seventeen_browse-bin_2&ds=v1%3A6NklKk%2BgvP89DjiMzFhBlQRC%2BxtVbmLXb4WQA8DebNg","1080 x 2340","https://www.amazon.in/s?k=mobiles&rh=p_n_feature_seventeen_browse-bin%3A27345186031&dc&crid=W3L9BCC7A335&qid=1692448784&rnid=27345181031&sprefix=mobile%2Caps%2C206&ref=sr_nr_p_n_feature_seventeen_browse-bin_3&ds=v1%3AIUPpgVcon%2F41nhnftjwJC5Kw37ob%2BlICrQp7n3G4IuA","1080 x 2400","https://www.amazon.in/s?k=mobiles&rh=p_n_feature_seventeen_browse-bin%3A27345189031&dc&crid=W3L9BCC7A335&qid=1692448784&rnid=27345181031&sprefix=mobile%2Caps%2C206&ref=sr_nr_p_n_feature_seventeen_browse-bin_4&ds=v1%3A1WOTOs4GvhzAhrUcCWNhkh%2FRAdSHEpZ1DYe9bJgmQrw","1280 x 720","https://www.amazon.in/s?k=mobiles&rh=p_n_feature_seventeen_browse-bin%3A27345245031&dc&crid=W3L9BCC7A335&qid=1692448784&rnid=27345181031&sprefix=mobile%2Caps%2C206&ref=sr_nr_p_n_feature_seventeen_browse-bin_5&ds=v1%3Ai1iBiyQrRbGyyp04eB5hzmeDyLr7NOEa2eTnscEBDic","1334 x 750"
"Device Features","","","","","","","","",""
"Dual SIM","https://www.amazon.in/s?k=mobiles&rh=p_n_feature_three_browse-bin%3A1897963031&dc&crid=W3L9BCC7A335&qid=1692448784&rnid=1484941031&sprefix=mobile%2Caps%2C206&ref=sr_nr_p_n_feature_three_browse-bin_1&ds=v1%3AbsBAZzRix390g%2B8efoIHgkBAquzFqP10t63EEaHXKnk","https://www.amazon.in/s?k=mobiles&rh=p_n_feature_three_browse-bin%3A1484944031&dc&crid=W3L9BCC7A335&qid=1692448784&rnid=1484941031&sprefix=mobile%2Caps%2C206&ref=sr_nr_p_n_feature_three_browse-bin_2&ds=v1%3A%2F9M3eKCrFHHnKOWeJvo78QBLZ6V%2FdSx9FP4TQ7I5rMQ","E-Mail","https://www.amazon.in/s?k=mobiles&rh=p_n_feature_three_browse-bin%3A1484945031&dc&crid=W3L9BCC7A335&qid=1692448784&rnid=1484941031&sprefix=mobile%2Caps%2C206&ref=sr_nr_p_n_feature_three_browse-bin_3&ds=v1%3AZZ9GnvuiACe%2FH%2BqaUAK5WLgduz7n4g9AD5d%2FB71%2F%2Bhc","GPS","https://www.amazon.in/s?k=mobiles&rh=p_n_feature_three_browse-bin%3A1897958031&dc&crid=W3L9BCC7A335&qid=1692448784&rnid=1484941031&sprefix=mobile%2Caps%2C206&ref=sr_nr_p_n_feature_three_browse-bin_4&ds=v1%3APHvUapIuyqZPnocjY4Uc%2BMrM9aTRW9teOgW4tFOtWvo","Hotspot","https://www.amazon.in/s?k=mobiles&rh=p_n_feature_three_browse-bin%3A1484946031&dc&crid=W3L9BCC7A335&qid=1692448784&rnid=1484941031&sprefix=mobile%2Caps%2C206&ref=sr_nr_p_n_feature_three_browse-bin_5&ds=v1%3A0lFG8tcNINk8no2Fd%2Bd%2B1cFo%2B6mBfyfvh%2B94jlZGIhI","Internet"
"Video Capture Resolution","","","","","","","","",""
"1080p","https://www.amazon.in/s?k=mobiles&rh=p_n_feature_twenty-four_browse-bin%3A28430295031&dc&crid=W3L9BCC7A335&qid=1692448784&rnid=28430291031&sprefix=mobile%2Caps%2C206&ref=sr_nr_p_n_feature_twenty-four_browse-bin_1&ds=v1%3ADJ7Sm05AL5ojj00vmCNwcdIvvLarUZ01c8ifePfXI6U","https://www.amazon.in/s?k=mobiles&rh=p_n_feature_twenty-four_browse-bin%3A28430294031&dc&crid=W3L9BCC7A335&qid=1692448784&rnid=28430291031&sprefix=mobile%2Caps%2C206&ref=sr_nr_p_n_feature_twenty-four_browse-bin_2&ds=v1%3AQrOxpWOwQEUIlNbI9gyi4n4%2BUc26I6ip7zanu6pzwOY","4k","https://www.amazon.in/s?k=mobiles&rh=p_n_feature_twenty-four_browse-bin%3A28430293031&dc&crid=W3L9BCC7A335&qid=1692448784&rnid=28430291031&sprefix=mobile%2Caps%2C206&ref=sr_nr_p_n_feature_twenty-four_browse-bin_3&ds=v1%3AE2OCV4v5OWJlZnlleX6GSHWjbL95MmpYT3WZJt16ijI","720p","https://www.amazon.in/s?k=mobiles&rh=p_n_feature_twenty-four_browse-bin%3A28430296031&dc&crid=W3L9BCC7A335&qid=1692448784&rnid=28430291031&sprefix=mobile%2Caps%2C206&ref=sr_nr_p_n_feature_twenty-four_browse-bin_4&ds=v1%3AxMLo65dJj8Y1iNg12JAhuO0JgH5s0%2Foxoz0b1z6N8Ak","8k","",""
"Lens Type","","","","","","","","",""
"Macro","https://www.amazon.in/s?k=mobiles&rh=p_n_feature_twenty-six_browse-bin%3A35171092031&dc&crid=W3L9BCC7A335&qid=1692448784&rnid=35171067031&sprefix=mobile%2Caps%2C206&ref=sr_nr_p_n_feature_twenty-six_browse-bin_1&ds=v1%3AFzz1G6m4rWiXsDj8fXfwlg9mlGRXIRKa44EQ0kauvxA","","","","","","","",""
"Cellular Phone Photo Sensor Resolution","","","","","","","","",""
"Up to 9.9 MP","https://www.amazon.in/s?k=mobiles&rh=p_n_feature_five_browse-bin%3A42253779031&dc&crid=W3L9BCC7A335&qid=1692448784&rnid=42253749031&sprefix=mobile%2Caps%2C206&ref=sr_nr_p_n_feature_five_browse-bin_1&ds=v1%3AVVwrWdNKXhojc9DaDtg%2FWx5EgAUkE9gUKwMyl2OXtfI","https://www.amazon.in/s?k=mobiles&rh=p_n_feature_five_browse-bin%3A42253777031&dc&crid=W3L9BCC7A335&qid=1692448784&rnid=42253749031&sprefix=mobile%2Caps%2C206&ref=sr_nr_p_n_feature_five_browse-bin_2&ds=v1%3A13DpO3U0gYcykgG3rKFxD2fYwJ1MPxraHyYdwLvKfJg","10 to 12.9 MP","https://www.amazon.in/s?k=mobiles&rh=p_n_feature_five_browse-bin%3A42253776031&dc&crid=W3L9BCC7A335&qid=1692448784&rnid=42253749031&sprefix=mobile%2Caps%2C206&ref=sr_nr_p_n_feature_five_browse-bin_3&ds=v1%3AFIwibDl%2FqMSCFCwvtbMLQ8zzeEcZuKzopNqzSfJwAnE","13 to 15.9 MP","https://www.amazon.in/s?k=mobiles&rh=p_n_feature_five_browse-bin%3A42253778031&dc&crid=W3L9BCC7A335&qid=1692448784&rnid=42253749031&sprefix=mobile%2Caps%2C206&ref=sr_nr_p_n_feature_five_browse-bin_4&ds=v1%3A7DlpHiTZZQi88WwS1yCFigtAlpzMOGGqm6TRJTm%2FQss","16 MP & Above","",""
"Cellular Phone Battery Average Life","","","","","","","","",""
"Up to 6.9 h","https://www.amazon.in/s?k=mobiles&rh=p_n_feature_four_browse-bin%3A42062133031&dc&crid=W3L9BCC7A335&qid=1692448784&rnid=42062008031&sprefix=mobile%2Caps%2C206&ref=sr_nr_p_n_feature_four_browse-bin_1&ds=v1%3Ad3gDkO9MvYaLaXCRnikRcoSS6bE7php9osUg81qQTbw","https://www.amazon.in/s?k=mobiles&rh=p_n_feature_four_browse-bin%3A42062131031&dc&crid=W3L9BCC7A335&qid=1692448784&rnid=42062008031&sprefix=mobile%2Caps%2C206&ref=sr_nr_p_n_feature_four_browse-bin_2&ds=v1%3AcE2bazIBk%2FmA0DsLFxWBVMIrujyZM17VPuGmCPqrfEA","7 to 12.9 h","https://www.amazon.in/s?k=mobiles&rh=p_n_feature_four_browse-bin%3A42062132031&dc&crid=W3L9BCC7A335&qid=1692448784&rnid=42062008031&sprefix=mobile%2Caps%2C206&ref=sr_nr_p_n_feature_four_browse-bin_3&ds=v1%3AeN2R3ZLs1F7D0PQn2m7eaRrG5oYqPqSRs9GCdRWnAiA","13 to 18.9 h","https://www.amazon.in/s?k=mobiles&rh=p_n_feature_four_browse-bin%3A42062130031&dc&crid=W3L9BCC7A335&qid=1692448784&rnid=42062008031&sprefix=mobile%2Caps%2C206&ref=sr_nr_p_n_feature_four_browse-bin_4&ds=v1%3A9ayrSy6W87w7%2F6078JKH%2BqfuHSPAMyN7CuFCfBzM35s","19 h & above","",""
"Cellular Technology","","","","","","","","",""
"2G","https://www.amazon.in/s?k=mobiles&rh=p_n_feature_twenty-five_browse-bin%3A33962380031&dc&crid=W3L9BCC7A335&qid=1692448784&rnid=33962288031&sprefix=mobile%2Caps%2C206&ref=sr_nr_p_n_feature_twenty-five_browse-bin_1&ds=v1%3AYpDClVCG4Q1TDa4UPTdAezcUFYeI%2BJIr40%2FuqGTP%2Bnc","https://www.amazon.in/s?k=mobiles&rh=p_n_feature_twenty-five_browse-bin%3A33962381031&dc&crid=W3L9BCC7A335&qid=1692448784&rnid=33962288031&sprefix=mobile%2Caps%2C206&ref=sr_nr_p_n_feature_twenty-five_browse-bin_2&ds=v1%3ALCrHSLDvlog8WeWa%2B%2BkQrqM%2FSVkfN79Y7bf2qHOn9iw","3G","https://www.amazon.in/s?k=mobiles&rh=p_n_feature_twenty-five_browse-bin%3A33962379031&dc&crid=W3L9BCC7A335&qid=1692448784&rnid=33962288031&sprefix=mobile%2Caps%2C206&ref=sr_nr_p_n_feature_twenty-five_browse-bin_3&ds=v1%3AY9YAWi9P1hw0madRb%2FCUhnSVHCK1oEjZQADUEdhmz4U","4G","https://www.amazon.in/s?k=mobiles&rh=p_n_feature_twenty-five_browse-bin%3A33962382031&dc&crid=W3L9BCC7A335&qid=1692448784&rnid=33962288031&sprefix=mobile%2Caps%2C206&ref=sr_nr_p_n_feature_twenty-five_browse-bin_4&ds=v1%3AvnBtqxZlnAg%2BopT8ytag0Fi5D2NgIXQ9WzIFRoMB5M8","5G","",""
"Mobile Phone Installed RAM Size","","","","","","","","",""
"Up to 1.9 GB","https://www.amazon.in/s?k=mobiles&rh=p_n_feature_thirty_browse-bin%3A44897294031&dc&crid=W3L9BCC7A335&qid=1692448784&rnid=44897277031&sprefix=mobile%2Caps%2C206&ref=sr_nr_p_n_feature_thirty_browse-bin_1&ds=v1%3AiHNvoEImEt81tWAn%2B%2FWkL4OB%2BbeGBbjRK9ITjykY6YY","https://www.amazon.in/s?k=mobiles&rh=p_n_feature_thirty_browse-bin%3A44897290031&dc&crid=W3L9BCC7A335&qid=1692448784&rnid=44897277031&sprefix=mobile%2Caps%2C206&ref=sr_nr_p_n_feature_thirty_browse-bin_2&ds=v1%3AGuWr0QKJPGy3iqGG%2BDOYe5AQ7iTvIBrulUNlHQHeD4I","2 to 3.9 GB","https://www.amazon.in/s?k=mobiles&rh=p_n_feature_thirty_browse-bin%3A44897296031&dc&crid=W3L9BCC7A335&qid=1692448784&rnid=44897277031&sprefix=mobile%2Caps%2C206&ref=sr_nr_p_n_feature_thirty_browse-bin_3&ds=v1%3A5LDRDG4BPccRu2cIuKab%2BbdflnWno0gMABBO%2FyfrNX8","4 to 5.9 GB","https://www.amazon.in/s?k=mobiles&rh=p_n_feature_thirty_browse-bin%3A44897287031&dc&crid=W3L9BCC7A335&qid=1692448784&rnid=44897277031&sprefix=mobile%2Caps%2C206&ref=sr_nr_p_n_feature_thirty_browse-bin_4&ds=v1%3Aqs9xD80lD7fi9T3kM3c7FUBz3xCcmMhvmilKi2%2BFuOY","6 to 7.9 GB","https://www.amazon.in/s?k=mobiles&rh=p_n_feature_thirty_browse-bin%3A44897288031&dc&crid=W3L9BCC7A335&qid=1692448784&rnid=44897277031&sprefix=mobile%2Caps%2C206&ref=sr_nr_p_n_feature_thirty_browse-bin_5&ds=v1%3ATEVM07bimDuBGFCLiK85%2BrzH5Gj%2BoOV9csbLZRQtlMA","8 to 9.9 GB"
"New Arrivals","","","","","","","","",""
"Last 30 days","https://www.amazon.in/s?k=mobiles&rh=p_n_date_first_available_absolute%3A1318487031&dc&crid=W3L9BCC7A335&qid=1692448784&rnid=1318486031&sprefix=mobile%2Caps%2C206&ref=sr_nr_p_n_date_first_available_absolute_1&ds=v1%3ASTVCjvwRwwCo0ypimKVKeCg4uU3MZVzpAbFeZUNIIhg","https://www.amazon.in/s?k=mobiles&rh=p_n_date_first_available_absolute%3A1318488031&dc&crid=W3L9BCC7A335&qid=1692448784&rnid=1318486031&sprefix=mobile%2Caps%2C206&ref=sr_nr_p_n_date_first_available_absolute_2&ds=v1%3AHVMhFlsbdEFxbNtZBSMCSq87vziigxkBVGd%2FIAEHbuQ","Last 90 days","","","","","",""
"Item Condition","","","","","","","","",""
"New","https://www.amazon.in/s?k=mobiles&rh=p_n_condition-type%3A8609960031&dc&crid=W3L9BCC7A335&qid=1692448784&rnid=8609959031&sprefix=mobile%2Caps%2C206&ref=sr_nr_p_n_condition-type_1&ds=v1%3AA7kxTYLNe8H6sWxNehphp7PTdoD9RKgwESnoBw5SiC0","https://www.amazon.in/s?k=mobiles&rh=p_n_condition-type%3A13736826031&dc&crid=W3L9BCC7A335&qid=1692448784&rnid=8609959031&sprefix=mobile%2Caps%2C206&ref=sr_nr_p_n_condition-type_2&ds=v1%3Aasr7lO0G6Vc4vUeqneT%2BL6qGuwVXIU37zB1%2F3sQTs4w","Renewed","https://www.amazon.in/s?k=mobiles&rh=p_n_condition-type%3A8609962031&dc&crid=W3L9BCC7A335&qid=1692448784&rnid=8609959031&sprefix=mobile%2Caps%2C206&ref=sr_nr_p_n_condition-type_3&ds=v1%3AMp5M8ZaKR%2FJ9cLWo61UbTxiJyMNvD%2FR%2FJnCx3ja2JJo","Used","","","",""
"Discount","","","","","","","","",""
"10% Off or more","https://www.amazon.in/s?k=mobiles&rh=p_n_pct-off-with-tax%3A2665399031&dc&crid=W3L9BCC7A335&qid=1692448784&rnid=2665398031&sprefix=mobile%2Caps%2C206&ref=sr_nr_p_n_pct-off-with-tax_1&ds=v1%3APgvUXDHTGhPkEXw0hj9vCS2I6HlF36EgP1uaTLltEZw","https://www.amazon.in/s?k=mobiles&rh=p_n_pct-off-with-tax%3A2665400031&dc&crid=W3L9BCC7A335&qid=1692448784&rnid=2665398031&sprefix=mobile%2Caps%2C206&ref=sr_nr_p_n_pct-off-with-tax_2&ds=v1%3AB9f09ob2JgVXqOJr52dOuZzA%2BVbOe59jlPwFC6FaRtA","25% Off or more","https://www.amazon.in/s?k=mobiles&rh=p_n_pct-off-with-tax%3A2665402031&dc&crid=W3L9BCC7A335&qid=1692448784&rnid=2665398031&sprefix=mobile%2Caps%2C206&ref=sr_nr_p_n_pct-off-with-tax_3&ds=v1%3AkLxf8tKLfOMi4fqUvUBGGjmITKwb2Y99n0b3%2BvJPa9g","35% Off or more","https://www.amazon.in/s?k=mobiles&rh=p_n_pct-off-with-tax%3A2665401031&dc&crid=W3L9BCC7A335&qid=1692448784&rnid=2665398031&sprefix=mobile%2Caps%2C206&ref=sr_nr_p_n_pct-off-with-tax_4&ds=v1%3Ajai%2BpHQysyVy0%2BFooKCEb%2BPmOq5Lq%2FvU6%2BqEhHXZEA8","50% Off or more","https://www.amazon.in/s?k=mobiles&rh=p_n_pct-off-with-tax%3A27060456031&dc&crid=W3L9BCC7A335&qid=1692448784&rnid=2665398031&sprefix=mobile%2Caps%2C206&ref=sr_nr_p_n_pct-off-with-tax_5&ds=v1%3AKdLemwV%2FCMQzVNzRavKcVPWuF1KqxbgGED5ejDoG6r8","60% Off or more"
"Availability","","","","","","","","",""
"Include Out of Stock","https://www.amazon.in/s?k=mobiles&rh=p_n_availability%3A1318485031&dc&crid=W3L9BCC7A335&qid=1692448784&rnid=1318483031&sprefix=mobile%2Caps%2C206&ref=sr_nr_p_n_availability_2&ds=v1%3A%2BceBJVZ8B6t5PZJ6iUrwZKAIjqQMuZJD6WhLPb31P5Q","","","","","","","",""