"a-link-normal href","s-image src","puis-label-popover href","a-color-secondary","a-color-base","puis","a-link-normal href 2","a-link-normal","a-link-normal href 3","a-size-base-plus","a-size-base","a-popover-trigger href","a-icon-alt","a-link-normal href 4","a-size-base 2","a-size-base href","a-offscreen","a-price-whole","a-size-base 3","a-offscreen 2","a-row","a-color-base 2","a-color-base 3","a-color-base 4","a-link-normal href 5","a-badge-text","a-size-base 4","a-size-base 5"
"https://www.amazon.in/sspa/click?ie=UTF8&spc=MTo1ODM2MTM1OTkxMTY3NTk1OjE2OTI0NDg5NzQ6c3BfYXRmOjIwMDQ2NjMxMzcwNzk4OjowOjo&url=%2FAmazonBasics-15-Piece-Non-Stick-Cookware-Set%2Fdp%2FB07481LPMF%2Fref%3Dsr_1_1_sspa%3Fkeywords%3Dcookware%26qid%3D1692448974%26sprefix%3Dcook%2B%252Caps%252C305%26sr%3D8-1-spons%26sp_csd%3Dd2lkZ2V0TmFtZT1zcF9hdGY%26psc%3D1","https://m.media-amazon.com/images/I/61x-NhdKBmL._AC_UL400_.jpg","javascript:void(0)","Sponsored","Sponsored","You are seeing this ad based on the product’s relevance to your search query.","https://www.amazon.in/s?k=cook+wear&sprefix=cook+%2Caps%2C305&ref=nb_sb_ss_ts-doa-p_4_5#","Let us know","https://www.amazon.in/sspa/click?ie=UTF8&spc=MTo1ODM2MTM1OTkxMTY3NTk1OjE2OTI0NDg5NzQ6c3BfYXRmOjIwMDQ2NjMxMzcwNzk4OjowOjo&url=%2FAmazonBasics-15-Piece-Non-Stick-Cookware-Set%2Fdp%2FB07481LPMF%2Fref%3Dsr_1_1_sspa%3Fkeywords%3Dcookware%26qid%3D1692448974%26sprefix%3Dcook%2B%252Caps%252C305%26sr%3D8-1-spons%26sp_csd%3Dd2lkZ2V0TmFtZT1zcF9hdGY%26psc%3D1","AmazonBasics Aluminium Non-Stick Black Cookware Set - 15 Piece","4.2","javascript:void(0)","4.2 out of 5 stars","https://www.amazon.in/sspa/click?ie=UTF8&spc=MTo1ODM2MTM1OTkxMTY3NTk1OjE2OTI0NDg5NzQ6c3BfYXRmOjIwMDQ2NjMxMzcwNzk4OjowOjo&url=%2FAmazonBasics-15-Piece-Non-Stick-Cookware-Set%2Fdp%2FB07481LPMF%2Fref%3Dsr_1_1_sspa%3Fkeywords%3Dcookware%26qid%3D1692448974%26sprefix%3Dcook%2B%252Caps%252C305%26sr%3D8-1-spons%26sp_csd%3Dd2lkZ2V0TmFtZT1zcF9hdGY%26psc%3D1#customerReviews","80% 4+ stars","https://www.amazon.in/sspa/click?ie=UTF8&spc=MTo1ODM2MTM1OTkxMTY3NTk1OjE2OTI0NDg5NzQ6c3BfYXRmOjIwMDQ2NjMxMzcwNzk4OjowOjo&url=%2FAmazonBasics-15-Piece-Non-Stick-Cookware-Set%2Fdp%2FB07481LPMF%2Fref%3Dsr_1_1_sspa%3Fkeywords%3Dcookware%26qid%3D1692448974%26sprefix%3Dcook%2B%252Caps%252C305%26sr%3D8-1-spons%26sp_csd%3Dd2lkZ2V0TmFtZT1zcF9hdGY%26psc%3D1","₹3,892.72","3,892","M.R.P:","₹10,100","(61% off)","Get it by","Tuesday, 22 August","FREE Delivery by Amazon","","","",""
"https://www.amazon.in/sspa/click?ie=UTF8&spc=MTo1ODM2MTM1OTkxMTY3NTk1OjE2OTI0NDg5NzQ6c3BfYXRmOjIwMTUzMTg1NTMyMDk4OjowOjo&url=%2FBergner-Stainless-Cookware-Without-Induction%2Fdp%2FB0C28NCJH7%2Fref%3Dsr_1_2_sspa%3Fkeywords%3Dcookware%26qid%3D1692448974%26sprefix%3Dcook%2B%252Caps%252C305%26sr%3D8-2-spons%26sp_csd%3Dd2lkZ2V0TmFtZT1zcF9hdGY%26psc%3D1","https://m.media-amazon.com/images/I/511iiVXZHpL._AC_UL400_.jpg","javascript:void(0)","Sponsored","Sponsored","You are seeing this ad based on the product’s relevance to your search query.","https://www.amazon.in/s?k=cook+wear&sprefix=cook+%2Caps%2C305&ref=nb_sb_ss_ts-doa-p_4_5#","Let us know","https://www.amazon.in/sspa/click?ie=UTF8&spc=MTo1ODM2MTM1OTkxMTY3NTk1OjE2OTI0NDg5NzQ6c3BfYXRmOjIwMTUzMTg1NTMyMDk4OjowOjo&url=%2FBergner-Stainless-Cookware-Without-Induction%2Fdp%2FB0C28NCJH7%2Fref%3Dsr_1_2_sspa%3Fkeywords%3Dcookware%26qid%3D1692448974%26sprefix%3Dcook%2B%252Caps%252C305%26sr%3D8-2-spons%26sp_csd%3Dd2lkZ2V0TmFtZT1zcF9hdGY%26psc%3D1","Bergner Tripro Triply Stainless Steel 3 Pc Cookware Set, 24 cm Indian Wok/Kadai with Lid, 24 cm Frypan Without Lid, Fast and Event Heating, Induction Bottom, Gas Ready, Silver","4.3","javascript:void(0)","4.3 out of 5 stars","https://www.amazon.in/sspa/click?ie=UTF8&spc=MTo1ODM2MTM1OTkxMTY3NTk1OjE2OTI0NDg5NzQ6c3BfYXRmOjIwMTUzMTg1NTMyMDk4OjowOjo&url=%2FBergner-Stainless-Cookware-Without-Induction%2Fdp%2FB0C28NCJH7%2Fref%3Dsr_1_2_sspa%3Fkeywords%3Dcookware%26qid%3D1692448974%26sprefix%3Dcook%2B%252Caps%252C305%26sr%3D8-2-spons%26sp_csd%3Dd2lkZ2V0TmFtZT1zcF9hdGY%26psc%3D1#customerReviews","82% 4+ stars","https://www.amazon.in/sspa/click?ie=UTF8&spc=MTo1ODM2MTM1OTkxMTY3NTk1OjE2OTI0NDg5NzQ6c3BfYXRmOjIwMTUzMTg1NTMyMDk4OjowOjo&url=%2FBergner-Stainless-Cookware-Without-Induction%2Fdp%2FB0C28NCJH7%2Fref%3Dsr_1_2_sspa%3Fkeywords%3Dcookware%26qid%3D1692448974%26sprefix%3Dcook%2B%252Caps%252C305%26sr%3D8-2-spons%26sp_csd%3Dd2lkZ2V0TmFtZT1zcF9hdGY%26psc%3D1","₹2,499","2,499","500+ bought in past month","₹4,799","(48% off)","Get it by","Wednesday, 23 August","FREE Delivery by Amazon","https://www.amazon.in/gp/goldbox/","Limited time deal","M.R.P:",""
"https://www.amazon.in/sspa/click?ie=UTF8&spc=MTo1ODM2MTM1OTkxMTY3NTk1OjE2OTI0NDg5NzQ6c3BfYXRmOjIwMDk2ODg0NjAwNjk4OjowOjo&url=%2FAmazonBasics-Non-Stick-Induction-Temperature-Resistant%2Fdp%2FB0B8DC1QQV%2Fref%3Dsr_1_3_sspa%3Fkeywords%3Dcookware%26qid%3D1692448974%26sprefix%3Dcook%2B%252Caps%252C305%26sr%3D8-3-spons%26sp_csd%3Dd2lkZ2V0TmFtZT1zcF9hdGY%26psc%3D1","https://m.media-amazon.com/images/I/61tom4ifk+L._AC_UL400_.jpg","javascript:void(0)","Sponsored","Sponsored","You are seeing this ad based on the product’s relevance to your search query.","https://www.amazon.in/s?k=cook+wear&sprefix=cook+%2Caps%2C305&ref=nb_sb_ss_ts-doa-p_4_5#","Let us know","https://www.amazon.in/sspa/click?ie=UTF8&spc=MTo1ODM2MTM1OTkxMTY3NTk1OjE2OTI0NDg5NzQ6c3BfYXRmOjIwMDk2ODg0NjAwNjk4OjowOjo&url=%2FAmazonBasics-Non-Stick-Induction-Temperature-Resistant%2Fdp%2FB0B8DC1QQV%2Fref%3Dsr_1_3_sspa%3Fkeywords%3Dcookware%26qid%3D1692448974%26sprefix%3Dcook%2B%252Caps%252C305%26sr%3D8-3-spons%26sp_csd%3Dd2lkZ2V0TmFtZT1zcF9hdGY%26psc%3D1","AmazonBasics 8-Piece Non-Stick Cookware Set| 2-Way 3 Layer Non-Stick Coating | PFOA Free | High Temperature Resistant Exterior Coating, Black","4.1","javascript:void(0)","4.1 out of 5 stars","https://www.amazon.in/sspa/click?ie=UTF8&spc=MTo1ODM2MTM1OTkxMTY3NTk1OjE2OTI0NDg5NzQ6c3BfYXRmOjIwMDk2ODg0NjAwNjk4OjowOjo&url=%2FAmazonBasics-Non-Stick-Induction-Temperature-Resistant%2Fdp%2FB0B8DC1QQV%2Fref%3Dsr_1_3_sspa%3Fkeywords%3Dcookware%26qid%3D1692448974%26sprefix%3Dcook%2B%252Caps%252C305%26sr%3D8-3-spons%26sp_csd%3Dd2lkZ2V0TmFtZT1zcF9hdGY%26psc%3D1#customerReviews","77% 4+ stars","https://www.amazon.in/sspa/click?ie=UTF8&spc=MTo1ODM2MTM1OTkxMTY3NTk1OjE2OTI0NDg5NzQ6c3BfYXRmOjIwMDk2ODg0NjAwNjk4OjowOjo&url=%2FAmazonBasics-Non-Stick-Induction-Temperature-Resistant%2Fdp%2FB0B8DC1QQV%2Fref%3Dsr_1_3_sspa%3Fkeywords%3Dcookware%26qid%3D1692448974%26sprefix%3Dcook%2B%252Caps%252C305%26sr%3D8-3-spons%26sp_csd%3Dd2lkZ2V0TmFtZT1zcF9hdGY%26psc%3D1","₹2,699","2,699","100+ bought in past month","₹4,699","(43% off)","Get it by","Thursday, 24 August","FREE Delivery by Amazon","https://www.amazon.in/gp/goldbox/","Limited time deal","M.R.P:",""
"https://www.amazon.in/sspa/click?ie=UTF8&spc=MTo1ODM2MTM1OTkxMTY3NTk1OjE2OTI0NDg5NzQ6c3BfYXRmOjIwMDY2MTIzMzQyMjk4OjowOjo&url=%2FAmazonBasics-Non-Stick-Induction-Serving-Spoons%2Fdp%2FB081TGCNF3%2Fref%3Dsr_1_4_sspa%3Fkeywords%3Dcookware%26qid%3D1692448974%26sprefix%3Dcook%2B%252Caps%252C305%26sr%3D8-4-spons%26sp_csd%3Dd2lkZ2V0TmFtZT1zcF9hdGY%26psc%3D1","https://m.media-amazon.com/images/I/81-sJRhEapL._AC_UL400_.jpg","javascript:void(0)","Sponsored","Sponsored","You are seeing this ad based on the product’s relevance to your search query.","https://www.amazon.in/s?k=cook+wear&sprefix=cook+%2Caps%2C305&ref=nb_sb_ss_ts-doa-p_4_5#","Let us know","https://www.amazon.in/sspa/click?ie=UTF8&spc=MTo1ODM2MTM1OTkxMTY3NTk1OjE2OTI0NDg5NzQ6c3BfYXRmOjIwMDY2MTIzMzQyMjk4OjowOjo&url=%2FAmazonBasics-Non-Stick-Induction-Serving-Spoons%2Fdp%2FB081TGCNF3%2Fref%3Dsr_1_4_sspa%3Fkeywords%3Dcookware%26qid%3D1692448974%26sprefix%3Dcook%2B%252Caps%252C305%26sr%3D8-4-spons%26sp_csd%3Dd2lkZ2V0TmFtZT1zcF9hdGY%26psc%3D1","Amazon Basics - Non-Stick Cookware Set without Induction Base (Black) 8 Piece","4.2","javascript:void(0)","4.2 out of 5 stars","https://www.amazon.in/sspa/click?ie=UTF8&spc=MTo1ODM2MTM1OTkxMTY3NTk1OjE2OTI0NDg5NzQ6c3BfYXRmOjIwMDY2MTIzMzQyMjk4OjowOjo&url=%2FAmazonBasics-Non-Stick-Induction-Serving-Spoons%2Fdp%2FB081TGCNF3%2Fref%3Dsr_1_4_sspa%3Fkeywords%3Dcookware%26qid%3D1692448974%26sprefix%3Dcook%2B%252Caps%252C305%26sr%3D8-4-spons%26sp_csd%3Dd2lkZ2V0TmFtZT1zcF9hdGY%26psc%3D1#customerReviews","82% 4+ stars","https://www.amazon.in/sspa/click?ie=UTF8&spc=MTo1ODM2MTM1OTkxMTY3NTk1OjE2OTI0NDg5NzQ6c3BfYXRmOjIwMDY2MTIzMzQyMjk4OjowOjo&url=%2FAmazonBasics-Non-Stick-Induction-Serving-Spoons%2Fdp%2FB081TGCNF3%2Fref%3Dsr_1_4_sspa%3Fkeywords%3Dcookware%26qid%3D1692448974%26sprefix%3Dcook%2B%252Caps%252C305%26sr%3D8-4-spons%26sp_csd%3Dd2lkZ2V0TmFtZT1zcF9hdGY%26psc%3D1","₹2,999","2,999","100+ bought in past month","₹6,200","(52% off)","Get it by","Tuesday, 22 August","FREE Delivery by Amazon","https://www.amazon.in/gp/goldbox/","Limited time deal","M.R.P:",""
"https://www.amazon.in/Pigeon-Nonstick-Aluminium-Cookware-Kitchen/dp/B0C24BK3Z2/ref=sr_1_5?keywords=cookware&qid=1692448974&sprefix=cook+%2Caps%2C305&sr=8-5","https://m.media-amazon.com/images/I/61w2eRTCulL._AC_UL400_.jpg","","","Get it by","","https://www.amazon.in/Pigeon-Nonstick-Aluminium-Cookware-Kitchen/dp/B0C24BK3Z2/ref=sr_1_5?keywords=cookware&qid=1692448974&sprefix=cook+%2Caps%2C305&sr=8-5","","https://www.amazon.in/Pigeon-Nonstick-Aluminium-Cookware-Kitchen/dp/B0C24BK3Z2/ref=sr_1_5?keywords=cookware&qid=1692448974&sprefix=cook+%2Caps%2C305&sr=8-5#customerReviews","Pigeon Mio Nonstick Aluminium Cookware Gift Set, Includes Nonstick Flat Tawa, Nonstick Fry Pan, Kitchen Tool Set, Nonstick Kadai with Glass Lid, 8 Pieces Kitchen Set (Black)","3.7","javascript:void(0)","3.7 out of 5 stars","","65% 4+ stars","https://www.amazon.in/Pigeon-Nonstick-Aluminium-Cookware-Kitchen/dp/B0C24BK3Z2/ref=sr_1_5?keywords=cookware&qid=1692448974&sprefix=cook+%2Caps%2C305&sr=8-5","₹1,199","1,199","500+ bought in past month","₹2,695","(56% off)","Tuesday, 22 August","FREE Delivery by Amazon","","","","M.R.P:",""
"https://www.amazon.in/Milton-Induction-Kitchen-Spatula-Dishwasher/dp/B0B5XRDRFH/ref=sr_1_6?keywords=cookware&qid=1692448974&sprefix=cook+%2Caps%2C305&sr=8-6","https://m.media-amazon.com/images/I/71n60BBalEL._AC_UL400_.jpg","","","FREE Delivery by Amazon","","https://www.amazon.in/Milton-Induction-Kitchen-Spatula-Dishwasher/dp/B0B5XRDRFH/ref=sr_1_6?keywords=cookware&qid=1692448974&sprefix=cook+%2Caps%2C305&sr=8-6","","https://www.amazon.in/Milton-Induction-Kitchen-Spatula-Dishwasher/dp/B0B5XRDRFH/ref=sr_1_6?keywords=cookware&qid=1692448974&sprefix=cook+%2Caps%2C305&sr=8-6#customerReviews","Milton Pro Cook Induction Kitchen Jewel Set of 5 (Fry pan 24 cm/1.6 litres; Kadhai 24 cm/2.5 litres with Glass lid; Tawa 25 cm; Nylon Laddle and Spatula), Peach | Dishwasher | Hot Plate | Flame Safe","4.0","javascript:void(0)","4.0 out of 5 stars","","76% 4+ stars","https://www.amazon.in/Milton-Induction-Kitchen-Spatula-Dishwasher/dp/B0B5XRDRFH/ref=sr_1_6?keywords=cookware&qid=1692448974&sprefix=cook+%2Caps%2C305&sr=8-6","₹1,595","1,595","2K+ bought in past month","₹5,500","(71% off)","","","","","","M.R.P:",""
"https://www.amazon.in/Bergner-Stainless-Cookware-Heating-Induction/dp/B0C28MZSNT/ref=sr_1_7?keywords=cookware&qid=1692448974&sprefix=cook+%2Caps%2C305&sr=8-7","https://m.media-amazon.com/images/I/51TK3jYBmBL._AC_UL400_.jpg","","","Get it by","","https://www.amazon.in/Bergner-Stainless-Cookware-Heating-Induction/dp/B0C28MZSNT/ref=sr_1_7?keywords=cookware&qid=1692448974&sprefix=cook+%2Caps%2C305&sr=8-7","","https://www.amazon.in/Bergner-Stainless-Cookware-Heating-Induction/dp/B0C28MZSNT/ref=sr_1_7?keywords=cookware&qid=1692448974&sprefix=cook+%2Caps%2C305&sr=8-7#customerReviews","Bergner Tripro Triply Stainless Steel 4 Pc Cookware Set, 24 cm Indian Wok/Kadai with Lid, 22 cm Frypan, 16 cm Tea Pan, Even and Fast Heating, Induction Bottom, Gas Ready, Silver","4.3","javascript:void(0)","4.3 out of 5 stars","","82% 4+ stars","https://www.amazon.in/Bergner-Stainless-Cookware-Heating-Induction/dp/B0C28MZSNT/ref=sr_1_7?keywords=cookware&qid=1692448974&sprefix=cook+%2Caps%2C305&sr=8-7","₹2,969","2,969","1K+ bought in past month","₹4,599","(35% off)","Tuesday, 22 August","FREE Delivery by Amazon","","","","M.R.P:",""
"https://www.amazon.in/Cookware-Set-Nonstick-Induction-Saucepan/dp/B09ZY7XKN7/ref=sr_1_8?keywords=cookware&qid=1692448974&sprefix=cook+%2Caps%2C305&sr=8-8","https://m.media-amazon.com/images/I/819hS6bqbUL._AC_UL400_.jpg","","","Get it by","","https://www.amazon.in/Cookware-Set-Nonstick-Induction-Saucepan/dp/B09ZY7XKN7/ref=sr_1_8?keywords=cookware&qid=1692448974&sprefix=cook+%2Caps%2C305&sr=8-8","","https://www.amazon.in/Cookware-Set-Nonstick-Induction-Saucepan/dp/B09ZY7XKN7/ref=sr_1_8?keywords=cookware&qid=1692448974&sprefix=cook+%2Caps%2C305&sr=8-8#customerReviews","CAROTE Non Stick Cookware Set, Nonstick Induction Set Combo, Set of 4(24cm Fry Pan, 16cm Saucepan, 24cm Sauce Pot, 28cm Biryani Pot, 16cm Lid, 24cm Lid, 28cm LidGreen)","4.4","javascript:void(0)","4.4 out of 5 stars","https://www.amazon.in/gp/goldbox/","88% 4+ stars","https://www.amazon.in/Cookware-Set-Nonstick-Induction-Saucepan/dp/B09ZY7XKN7/ref=sr_1_8?keywords=cookware&qid=1692448974&sprefix=cook+%2Caps%2C305&sr=8-8","₹4,499","4,499","800+ bought in past month","₹9,999","(55% off)","Wednesday, 23 August","FREE Delivery by Amazon","","","Deal of the Day","M.R.P:",""
"https://www.amazon.in/Pristine-Induction-Cooking-Essential-Cookware/dp/B01I9VB4W4/ref=sr_1_9?keywords=cookware&qid=1692448974&sprefix=cook+%2Caps%2C305&sr=8-9","https://m.media-amazon.com/images/I/41rpD77HqsL._AC_UL400_.jpg","","","Get it by","","https://www.amazon.in/Pristine-Induction-Cooking-Essential-Cookware/dp/B01I9VB4W4/ref=sr_1_9?keywords=cookware&qid=1692448974&sprefix=cook+%2Caps%2C305&sr=8-9","","https://www.amazon.in/Pristine-Induction-Cooking-Essential-Cookware/dp/B01I9VB4W4/ref=sr_1_9?keywords=cookware&qid=1692448974&sprefix=cook+%2Caps%2C305&sr=8-9#customerReviews","Pristine Tri Ply Induction Base Cooking Essential St. Steel Cookware Set, 10PCS, Silver","3.9","javascript:void(0)","3.9 out of 5 stars","https://www.amazon.in/gp/goldbox/","68% 4+ stars","https://www.amazon.in/Pristine-Induction-Cooking-Essential-Cookware/dp/B01I9VB4W4/ref=sr_1_9?keywords=cookware&qid=1692448974&sprefix=cook+%2Caps%2C305&sr=8-9","₹1,709","1,709","200+ bought in past month","₹3,350","(49% off)","Wednesday, 23 August","FREE Delivery by Amazon","","","Deal of the Day","M.R.P:",""
"https://www.amazon.in/gp/bestsellers/kitchen/51397001031/ref=sr_bs_9_51397001031_1","https://m.media-amazon.com/images/I/71h+7p-RpLL._AC_UL400_.jpg","","","Get it by","","https://www.amazon.in/Carote-Induction-Granite-Covered-Biriyani/dp/B09V7MPGT6/ref=sr_1_10?keywords=cookware&qid=1692448974&sprefix=cook+%2Caps%2C305&sr=8-10","","https://www.amazon.in/Carote-Induction-Granite-Covered-Biriyani/dp/B09V7MPGT6/ref=sr_1_10?keywords=cookware&qid=1692448974&sprefix=cook+%2Caps%2C305&sr=8-10","CAROTE 28CM/3.8L Non Stick Kadai with Lid, Induction Kadai, Granite Covered Kadhai, Biriyani Pot, Kadhai for Deep Frying","Granite, Glass,Ceramic","javascript:void(0)","4.4 out of 5 stars","https://www.amazon.in/Carote-Induction-Granite-Covered-Biriyani/dp/B09V7MPGT6/ref=sr_1_10?keywords=cookware&qid=1692448974&sprefix=cook+%2Caps%2C305&sr=8-10#customerReviews","4.4","https://www.amazon.in/Carote-Induction-Granite-Covered-Biriyani/dp/B09V7MPGT6/ref=sr_1_10?keywords=cookware&qid=1692448974&sprefix=cook+%2Caps%2C305&sr=8-10","₹1,729","1,729","88% 4+ stars","₹2,829","(39% off)","Tuesday, 22 August","FREE Delivery by Amazon","","https://www.amazon.in/gp/goldbox/","Best seller","50+ bought in past month","M.R.P:"
"https://www.amazon.in/Pigeon-Basics-Aluminium-Nonstick-Cookware/dp/B07DR77G6N/ref=sr_1_11?keywords=cookware&qid=1692448974&sprefix=cook+%2Caps%2C305&sr=8-11","https://m.media-amazon.com/images/I/61JlllBcGpL._AC_UL400_.jpg","","","Get it by","","https://www.amazon.in/Pigeon-Basics-Aluminium-Nonstick-Cookware/dp/B07DR77G6N/ref=sr_1_11?keywords=cookware&qid=1692448974&sprefix=cook+%2Caps%2C305&sr=8-11","","https://www.amazon.in/Pigeon-Basics-Aluminium-Nonstick-Cookware/dp/B07DR77G6N/ref=sr_1_11?keywords=cookware&qid=1692448974&sprefix=cook+%2Caps%2C305&sr=8-11#customerReviews","Pigeon Basics Non Induction Base Nons tick Aluminium Cookware set, including Nonstick Dosa Tawa, Nonstick Kadai With Glass Lid, and Nonstick Frying Pan, (Pink)","3.7","javascript:void(0)","3.7 out of 5 stars","https://www.amazon.in/gp/goldbox/","64% 4+ stars","https://www.amazon.in/Pigeon-Basics-Aluminium-Nonstick-Cookware/dp/B07DR77G6N/ref=sr_1_11?keywords=cookware&qid=1692448974&sprefix=cook+%2Caps%2C305&sr=8-11","₹1,199","1,199","1K+ bought in past month","₹3,295","(64% off)","Tuesday, 22 August","FREE Delivery by Amazon","","","Limited time deal","M.R.P:",""
"https://www.amazon.in/gp/bestsellers/kitchen/1380032031/ref=sr_bs_11_1380032031_1","https://m.media-amazon.com/images/I/61Rh0oXtQ8S._AC_UL400_.jpg","","","Get it by","","https://www.amazon.in/Hawkins-Nonstick-Appe-Pan-Diameter/dp/B08FS336P2/ref=sr_1_12?keywords=cookware&qid=1692448974&sprefix=cook+%2Caps%2C305&sr=8-12","","https://www.amazon.in/Hawkins-Nonstick-Appe-Pan-Diameter/dp/B08FS336P2/ref=sr_1_12?keywords=cookware&qid=1692448974&sprefix=cook+%2Caps%2C305&sr=8-12","Hawkins 22 cm Appe Pan, Non Stick Paniyaram Pan with Glass Lid, 12 Cups Paniyarakkal Ceramic Pan, Litti Pan, Kuzhi Paniyaram Pan, Ponganalu Pan, Red (NAPE22G)","Aluminium","javascript:void(0)","4.5 out of 5 stars","https://www.amazon.in/Hawkins-Nonstick-Appe-Pan-Diameter/dp/B08FS336P2/ref=sr_1_12?keywords=cookware&qid=1692448974&sprefix=cook+%2Caps%2C305&sr=8-12#customerReviews","4.5","https://www.amazon.in/Hawkins-Nonstick-Appe-Pan-Diameter/dp/B08FS336P2/ref=sr_1_12?keywords=cookware&qid=1692448974&sprefix=cook+%2Caps%2C305&sr=8-12","₹1,170","1,170","90% 4+ stars","₹1,300","(10% off)","Wednesday, 23 August","FREE Delivery by Amazon","","","Best seller","4K+ bought in past month","M.R.P:"
"https://www.amazon.in/Butterfly-Rapid-Stick-Cookware-Induction/dp/B0B8JN3F9S/ref=sr_1_13?keywords=cookware&qid=1692448974&sprefix=cook+%2Caps%2C305&sr=8-13","https://m.media-amazon.com/images/I/71z3Qc-iMRL._AC_UL400_.jpg","","","Get it by","","https://www.amazon.in/Butterfly-Rapid-Stick-Cookware-Induction/dp/B0B8JN3F9S/ref=sr_1_13?keywords=cookware&qid=1692448974&sprefix=cook+%2Caps%2C305&sr=8-13","","https://www.amazon.in/Butterfly-Rapid-Stick-Cookware-Induction/dp/B0B8JN3F9S/ref=sr_1_13?keywords=cookware&qid=1692448974&sprefix=cook+%2Caps%2C305&sr=8-13#customerReviews","Butterfly Rapid Non Stick Cookware 3 PCS Set Induction Base","3.5","javascript:void(0)","3.5 out of 5 stars","","60% 4+ stars","https://www.amazon.in/Butterfly-Rapid-Stick-Cookware-Induction/dp/B0B8JN3F9S/ref=sr_1_13?keywords=cookware&qid=1692448974&sprefix=cook+%2Caps%2C305&sr=8-13","₹1,299","1,299","300+ bought in past month","₹3,339","(61% off)","Wednesday, 23 August","FREE Delivery by Amazon","","","","M.R.P:",""
"https://www.amazon.in/Wonderchef-Non-Stick-Induction-Aluminium-Purple/dp/B09QPS9BDV/ref=sr_1_14?keywords=cookware&qid=1692448974&sprefix=cook+%2Caps%2C305&sr=8-14","https://m.media-amazon.com/images/I/515WE8KlilL._AC_UL400_.jpg","","","Get it by","","https://www.amazon.in/Wonderchef-Non-Stick-Induction-Aluminium-Purple/dp/B09QPS9BDV/ref=sr_1_14?keywords=cookware&qid=1692448974&sprefix=cook+%2Caps%2C305&sr=8-14","","https://www.amazon.in/Wonderchef-Non-Stick-Induction-Aluminium-Purple/dp/B09QPS9BDV/ref=sr_1_14?keywords=cookware&qid=1692448974&sprefix=cook+%2Caps%2C305&sr=8-14#customerReviews","Wonderchef Valencia Non-Stick Cookware 4 Piece Set, Kadhai with Lid, Fry Pan, Dosa Tawa, Induction Friendly Design, Cool Touch Bakelite Handles, Pure Grade Aluminium, PFOA Free-2 Yrs Warranty, Purple","3.7","javascript:void(0)","3.7 out of 5 stars","https://www.amazon.in/gp/goldbox/","64% 4+ stars","https://www.amazon.in/Wonderchef-Non-Stick-Induction-Aluminium-Purple/dp/B09QPS9BDV/ref=sr_1_14?keywords=cookware&qid=1692448974&sprefix=cook+%2Caps%2C305&sr=8-14","₹1,499","1,499","M.R.P:","₹4,000","(63% off)","Tuesday, 22 August","FREE Delivery by Amazon","","","Limited time deal","",""
"https://www.amazon.in/Cello-Induction-Non-Stick-Aluminium-Cookware/dp/B07H94YY16/ref=sr_1_15?keywords=cookware&qid=1692448974&sprefix=cook+%2Caps%2C305&sr=8-15","https://m.media-amazon.com/images/I/7169jlr-0mL._AC_UL400_.jpg","","","Get it by","","https://www.amazon.in/Cello-Induction-Non-Stick-Aluminium-Cookware/dp/B07H94YY16/ref=sr_1_15?keywords=cookware&qid=1692448974&sprefix=cook+%2Caps%2C305&sr=8-15","","https://www.amazon.in/Cello-Induction-Non-Stick-Aluminium-Cookware/dp/B07H94YY16/ref=sr_1_15?keywords=cookware&qid=1692448974&sprefix=cook+%2Caps%2C305&sr=8-15#customerReviews","Cello Prima Induction Base Non-Stick Aluminium Pan Cookware Set, 3-Pieces, Cherry Red","3.9","javascript:void(0)","3.9 out of 5 stars","","70% 4+ stars","https://www.amazon.in/Cello-Induction-Non-Stick-Aluminium-Cookware/dp/B07H94YY16/ref=sr_1_15?keywords=cookware&qid=1692448974&sprefix=cook+%2Caps%2C305&sr=8-15","₹1,599","1,599","1K+ bought in past month","₹2,599","(38% off)","Saturday, 26 August","FREE Delivery by Amazon","","","","M.R.P:",""
"https://www.amazon.in/CAROTE-Induction-Cooking-Granite-Omlette/dp/B0992BPJQZ/ref=sr_1_16?keywords=cookware&qid=1692448974&sprefix=cook+%2Caps%2C305&sr=8-16","https://m.media-amazon.com/images/I/71jf0dEfFvL._AC_UL400_.jpg","","","Get it by","","https://www.amazon.in/CAROTE-Induction-Cooking-Granite-Omlette/dp/B0992BPJQZ/ref=sr_1_16?keywords=cookware&qid=1692448974&sprefix=cook+%2Caps%2C305&sr=8-16","","https://www.amazon.in/CAROTE-Induction-Cooking-Granite-Omlette/dp/B0992BPJQZ/ref=sr_1_16?keywords=cookware&qid=1692448974&sprefix=cook+%2Caps%2C305&sr=8-16#customerReviews","CAROTE 20cm/1.1L Non Stick Pan with Lid, Induction Pan for Cooking, Granite Fry Pan Non Stick Cooking Pan, Omlette Pan Egg Pan, PFOA Free","Granite","javascript:void(0)","4.4 out of 5 stars","","4.4","https://www.amazon.in/CAROTE-Induction-Cooking-Granite-Omlette/dp/B0992BPJQZ/ref=sr_1_16?keywords=cookware&qid=1692448974&sprefix=cook+%2Caps%2C305&sr=8-16","₹1,199","1,199","86% 4+ stars","₹2,819","(57% off)","Tuesday, 22 August","FREE Delivery by Amazon","","","","600+ bought in past month","M.R.P:"
"https://www.amazon.in/Carote-Nonstick-Granite-Induction-Cookware/dp/B098N8VCPH/ref=sr_1_17?keywords=cookware&qid=1692448974&sprefix=cook+%2Caps%2C305&sr=8-17","https://m.media-amazon.com/images/I/81Bp+ES598L._AC_UL400_.jpg","","","Get it by","","https://www.amazon.in/Carote-Nonstick-Granite-Induction-Cookware/dp/B098N8VCPH/ref=sr_1_17?keywords=cookware&qid=1692448974&sprefix=cook+%2Caps%2C305&sr=8-17","","https://www.amazon.in/Carote-Nonstick-Granite-Induction-Cookware/dp/B098N8VCPH/ref=sr_1_17?keywords=cookware&qid=1692448974&sprefix=cook+%2Caps%2C305&sr=8-17#customerReviews","CAROTE Non Stick Set Combo, Nonstick Cookware Set, Induction&Gas Pan Set, Kitchen Set for Home, Cooking Set of 3 (24CM/1.6L Granite Frying Pan+28CM Dosa Tawa+28CM/3.8L Kadai)","4.3","javascript:void(0)","4.3 out of 5 stars","","83% 4+ stars","https://www.amazon.in/Carote-Nonstick-Granite-Induction-Cookware/dp/B098N8VCPH/ref=sr_1_17?keywords=cookware&qid=1692448974&sprefix=cook+%2Caps%2C305&sr=8-17","₹3,599","3,599","400+ bought in past month","₹6,999","(49% off)","Wednesday, 23 August","FREE Delivery by Amazon","","","","M.R.P:",""
"https://www.amazon.in/Prestige-Non-Stick-Centimetre-Induction-Dishwasher/dp/B00QWQ17PS/ref=sr_1_18?keywords=cookware&qid=1692448974&sprefix=cook+%2Caps%2C305&sr=8-18","https://m.media-amazon.com/images/I/61Nh0dNqbsL._AC_UL400_.jpg","","","Get it by","","https://www.amazon.in/Prestige-Non-Stick-Centimetre-Induction-Dishwasher/dp/B00QWQ17PS/ref=sr_1_18?keywords=cookware&qid=1692448974&sprefix=cook+%2Caps%2C305&sr=8-18","(3 new offers)","https://www.amazon.in/Prestige-Non-Stick-Centimetre-Induction-Dishwasher/dp/B00QWQ17PS/ref=sr_1_18?keywords=cookware&qid=1692448974&sprefix=cook+%2Caps%2C305&sr=8-18#customerReviews","Prestige Non-Stick Omega Deluxe Granite Fry Pan | 24 Centimetre | Black | Induction Base | 5 Layer Non-Stick Cookware | Dishwasher Safe | 2-Layer Metallic Finish","Aluminium","javascript:void(0)","4.3 out of 5 stars","https://www.amazon.in/gp/offer-listing/B00QWQ17PS/ref=sr_1_18_olp?keywords=cookware&sprefix=cook+%2Caps%2C305&qid=1692448974&sr=8-18","4.3","https://www.amazon.in/Prestige-Non-Stick-Centimetre-Induction-Dishwasher/dp/B00QWQ17PS/ref=sr_1_18?keywords=cookware&qid=1692448974&sprefix=cook+%2Caps%2C305&sr=8-18","₹980","980","83% 4+ stars","₹1,220","(20% off)","Wednesday, 23 August","FREE Delivery by Amazon","₹890","","","1K+ bought in past month","M.R.P:"
"https://www.amazon.in/Prestige-Non-Stick-3-Pieces-Gas-stove-compatible/dp/B00EICKVUA/ref=sr_1_19?keywords=cookware&qid=1692448974&sprefix=cook+%2Caps%2C305&sr=8-19","https://m.media-amazon.com/images/I/81TYaxHRl2L._AC_UL400_.jpg","","","Get it by","","https://www.amazon.in/Prestige-Non-Stick-3-Pieces-Gas-stove-compatible/dp/B00EICKVUA/ref=sr_1_19?keywords=cookware&qid=1692448974&sprefix=cook+%2Caps%2C305&sr=8-19","","https://www.amazon.in/Prestige-Non-Stick-3-Pieces-Gas-stove-compatible/dp/B00EICKVUA/ref=sr_1_19?keywords=cookware&qid=1692448974&sprefix=cook+%2Caps%2C305&sr=8-19#customerReviews","Prestige Omega Select Plus Residue Free Non-Stick Kitchen Set, 3-Pieces, black/Silver, Aluminium","4.1","javascript:void(0)","4.1 out of 5 stars","https://www.amazon.in/gp/goldbox/","78% 4+ stars","https://www.amazon.in/Prestige-Non-Stick-3-Pieces-Gas-stove-compatible/dp/B00EICKVUA/ref=sr_1_19?keywords=cookware&qid=1692448974&sprefix=cook+%2Caps%2C305&sr=8-19","₹1,649","1,649","900+ bought in past month","₹3,520","(53% off)","Wednesday, 23 August","FREE Delivery by Amazon","","","Limited time deal","M.R.P:",""
"https://www.amazon.in/Uttappa-4-Cavities-Granite-Uttapam-Compatible/dp/B09X7YM96P/ref=sr_1_20?keywords=cookware&qid=1692448974&sprefix=cook+%2Caps%2C305&sr=8-20","https://m.media-amazon.com/images/I/61tfy7mh9uL._AC_UL400_.jpg","","","Get it by","","https://www.amazon.in/Uttappa-4-Cavities-Granite-Uttapam-Compatible/dp/B09X7YM96P/ref=sr_1_20?keywords=cookware&qid=1692448974&sprefix=cook+%2Caps%2C305&sr=8-20","","https://www.amazon.in/Uttappa-4-Cavities-Granite-Uttapam-Compatible/dp/B09X7YM96P/ref=sr_1_20?keywords=cookware&qid=1692448974&sprefix=cook+%2Caps%2C305&sr=8-20#customerReviews","CAROTE Non Stick Appam Maker Uttappa Tawa (4-Cavities), Granite Uttapam Pan, Gas&Induction Compatible, 18cm, PFOA Free","Granite","javascript:void(0)","4.3 out of 5 stars","","4.3","https://www.amazon.in/Uttappa-4-Cavities-Granite-Uttapam-Compatible/dp/B09X7YM96P/ref=sr_1_20?keywords=cookware&qid=1692448974&sprefix=cook+%2Caps%2C305&sr=8-20","₹849","849","83% 4+ stars","₹2,099","(60% off)","Wednesday, 23 August","FREE Delivery by Amazon","","","","800+ bought in past month","M.R.P:"
"https://www.amazon.in/sspa/click?ie=UTF8&spc=MTo1ODM2MTM1OTkxMTY3NTk1OjE2OTI0NDg5NzQ6c3BfbXRmOjMwMDAxMTE0NTgxODczMjo6MDo6&url=%2FMini-Sauce-Pot-Distribution-Construction%2Fdp%2FB0C5M1WWNC%2Fref%3Dsr_1_21_sspa%3Fkeywords%3Dcookware%26qid%3D1692448974%26sprefix%3Dcook%2B%252Caps%252C305%26sr%3D8-21-spons%26sp_csd%3Dd2lkZ2V0TmFtZT1zcF9tdGY%26psc%3D1","https://m.media-amazon.com/images/I/51vdf6KU95L._AC_UL400_.jpg","javascript:void(0)","Sponsored","Sponsored","You are seeing this ad based on the product’s relevance to your search query.","https://www.amazon.in/s?k=cook+wear&sprefix=cook+%2Caps%2C305&ref=nb_sb_ss_ts-doa-p_4_5#","Let us know","https://www.amazon.in/sspa/click?ie=UTF8&spc=MTo1ODM2MTM1OTkxMTY3NTk1OjE2OTI0NDg5NzQ6c3BfbXRmOjMwMDAxMTE0NTgxODczMjo6MDo6&url=%2FMini-Sauce-Pot-Distribution-Construction%2Fdp%2FB0C5M1WWNC%2Fref%3Dsr_1_21_sspa%3Fkeywords%3Dcookware%26qid%3D1692448974%26sprefix%3Dcook%2B%252Caps%252C305%26sr%3D8-21-spons%26sp_csd%3Dd2lkZ2V0TmFtZT1zcF9tdGY%26psc%3D1","Maxima Triply Cookware Mini Sauce Pot, Compact Size, Versatile Use | Even Heat Distribution, Durable Construction | Easy to Clean, Long Lasting (Mini - Sauce Pot, 20 Cm) Capacity - 1.4 LTR","M.R.P:","","","https://www.amazon.in/gp/goldbox/","Save 5%","https://www.amazon.in/sspa/click?ie=UTF8&spc=MTo1ODM2MTM1OTkxMTY3NTk1OjE2OTI0NDg5NzQ6c3BfbXRmOjMwMDAxMTE0NTgxODczMjo6MDo6&url=%2FMini-Sauce-Pot-Distribution-Construction%2Fdp%2FB0C5M1WWNC%2Fref%3Dsr_1_21_sspa%3Fkeywords%3Dcookware%26qid%3D1692448974%26sprefix%3Dcook%2B%252Caps%252C305%26sr%3D8-21-spons%26sp_csd%3Dd2lkZ2V0TmFtZT1zcF9tdGY%26psc%3D1","₹2,259","2,259","","₹3,175","(29% off)","5% coupon applied at checkout","with coupon","Get it by","","Deal of the Day","",""
"https://www.amazon.in/sspa/click?ie=UTF8&spc=MTo1ODM2MTM1OTkxMTY3NTk1OjE2OTI0NDg5NzQ6c3BfbXRmOjMwMDAwMDU4NTQzNTYzMjo6MDo6&url=%2FAmazon-Brand-Non-Stick-Detachable-Temperature%2Fdp%2FB0BZW6RZMJ%2Fref%3Dsr_1_22_sspa%3Fkeywords%3Dcookware%26qid%3D1692448974%26sprefix%3Dcook%2B%252Caps%252C305%26sr%3D8-22-spons%26sp_csd%3Dd2lkZ2V0TmFtZT1zcF9tdGY%26psc%3D1","https://m.media-amazon.com/images/I/61Hi-CkeIiL._AC_UL400_.jpg","javascript:void(0)","Sponsored","Sponsored","You are seeing this ad based on the product’s relevance to your search query.","https://www.amazon.in/s?k=cook+wear&sprefix=cook+%2Caps%2C305&ref=nb_sb_ss_ts-doa-p_4_5#","Let us know","https://www.amazon.in/sspa/click?ie=UTF8&spc=MTo1ODM2MTM1OTkxMTY3NTk1OjE2OTI0NDg5NzQ6c3BfbXRmOjMwMDAwMDU4NTQzNTYzMjo6MDo6&url=%2FAmazon-Brand-Non-Stick-Detachable-Temperature%2Fdp%2FB0BZW6RZMJ%2Fref%3Dsr_1_22_sspa%3Fkeywords%3Dcookware%26qid%3D1692448974%26sprefix%3Dcook%2B%252Caps%252C305%26sr%3D8-22-spons%26sp_csd%3Dd2lkZ2V0TmFtZT1zcF9tdGY%26psc%3D1","Amazon Brand - Solimo 3 Piece Non-Stick Cookware Set with Detachable Handle | Granite Finish | Induction Base | PFOA Free | High Temperature Resistant Exterior Coating | Black","4.0","javascript:void(0)","4.0 out of 5 stars","https://www.amazon.in/sspa/click?ie=UTF8&spc=MTo1ODM2MTM1OTkxMTY3NTk1OjE2OTI0NDg5NzQ6c3BfbXRmOjMwMDAwMDU4NTQzNTYzMjo6MDo6&url=%2FAmazon-Brand-Non-Stick-Detachable-Temperature%2Fdp%2FB0BZW6RZMJ%2Fref%3Dsr_1_22_sspa%3Fkeywords%3Dcookware%26qid%3D1692448974%26sprefix%3Dcook%2B%252Caps%252C305%26sr%3D8-22-spons%26sp_csd%3Dd2lkZ2V0TmFtZT1zcF9tdGY%26psc%3D1#customerReviews","100% 4+ stars","https://www.amazon.in/sspa/click?ie=UTF8&spc=MTo1ODM2MTM1OTkxMTY3NTk1OjE2OTI0NDg5NzQ6c3BfbXRmOjMwMDAwMDU4NTQzNTYzMjo6MDo6&url=%2FAmazon-Brand-Non-Stick-Detachable-Temperature%2Fdp%2FB0BZW6RZMJ%2Fref%3Dsr_1_22_sspa%3Fkeywords%3Dcookware%26qid%3D1692448974%26sprefix%3Dcook%2B%252Caps%252C305%26sr%3D8-22-spons%26sp_csd%3Dd2lkZ2V0TmFtZT1zcF9tdGY%26psc%3D1","₹949","949","M.R.P:","₹1,699","(44% off)","Get it by","Tuesday, 22 August","FREE Delivery by Amazon","https://www.amazon.in/gp/goldbox/","Limited time deal","",""
"https://www.amazon.in/sspa/click?ie=UTF8&spc=MTo1ODM2MTM1OTkxMTY3NTk1OjE2OTI0NDg5NzQ6c3BfbXRmOjIwMTY3Mzg0NTUwNzk4OjowOjo&url=%2FIndus-Valley-Stainless-Lid-Toxin-Free%2Fdp%2FB0BL7Q9M7L%2Fref%3Dsr_1_23_sspa%3Fkeywords%3Dcookware%26qid%3D1692448974%26sprefix%3Dcook%2B%252Caps%252C305%26sr%3D8-23-spons%26sp_csd%3Dd2lkZ2V0TmFtZT1zcF9tdGY%26psc%3D1","https://m.media-amazon.com/images/I/51YW-Q1df0L._AC_UL400_.jpg","javascript:void(0)","Sponsored","Sponsored","You are seeing this ad based on the product’s relevance to your search query.","https://www.amazon.in/s?k=cook+wear&sprefix=cook+%2Caps%2C305&ref=nb_sb_ss_ts-doa-p_4_5#","Let us know","https://www.amazon.in/sspa/click?ie=UTF8&spc=MTo1ODM2MTM1OTkxMTY3NTk1OjE2OTI0NDg5NzQ6c3BfbXRmOjIwMTY3Mzg0NTUwNzk4OjowOjo&url=%2FIndus-Valley-Stainless-Lid-Toxin-Free%2Fdp%2FB0BL7Q9M7L%2Fref%3Dsr_1_23_sspa%3Fkeywords%3Dcookware%26qid%3D1692448974%26sprefix%3Dcook%2B%252Caps%252C305%26sr%3D8-23-spons%26sp_csd%3Dd2lkZ2V0TmFtZT1zcF9tdGY%26psc%3D1","The Indus Valley Triply Stainless Steel Casserole/Biryani Pot/Stockpot/Saucepot with Steel Lid | 9.4 Inch, 3.1Ltr, 1.7kg, Gas & Induction Friendly | 3-Layer Body, 100% Toxin-free, Naturally Non-stick, Long Lasting","4.4","javascript:void(0)","4.4 out of 5 stars","https://www.amazon.in/sspa/click?ie=UTF8&spc=MTo1ODM2MTM1OTkxMTY3NTk1OjE2OTI0NDg5NzQ6c3BfbXRmOjIwMTY3Mzg0NTUwNzk4OjowOjo&url=%2FIndus-Valley-Stainless-Lid-Toxin-Free%2Fdp%2FB0BL7Q9M7L%2Fref%3Dsr_1_23_sspa%3Fkeywords%3Dcookware%26qid%3D1692448974%26sprefix%3Dcook%2B%252Caps%252C305%26sr%3D8-23-spons%26sp_csd%3Dd2lkZ2V0TmFtZT1zcF9tdGY%26psc%3D1#customerReviews","89% 4+ stars","https://www.amazon.in/sspa/click?ie=UTF8&spc=MTo1ODM2MTM1OTkxMTY3NTk1OjE2OTI0NDg5NzQ6c3BfbXRmOjIwMTY3Mzg0NTUwNzk4OjowOjo&url=%2FIndus-Valley-Stainless-Lid-Toxin-Free%2Fdp%2FB0BL7Q9M7L%2Fref%3Dsr_1_23_sspa%3Fkeywords%3Dcookware%26qid%3D1692448974%26sprefix%3Dcook%2B%252Caps%252C305%26sr%3D8-23-spons%26sp_csd%3Dd2lkZ2V0TmFtZT1zcF9tdGY%26psc%3D1","₹2,799","2,799","50+ bought in past month","₹4,665","(40% off)","5% coupon applied at checkout","with coupon","Get it by","https://www.amazon.in/gp/goldbox/","Deal of the Day","M.R.P:","Save 5%"
"https://www.amazon.in/sspa/click?ie=UTF8&spc=MTo1ODM2MTM1OTkxMTY3NTk1OjE2OTI0NDg5NzQ6c3BfbXRmOjIwMTY3Mzg0NTQ1ODk4OjowOjo&url=%2FIndus-Valley-Seasoned-Iron-Cookware%2Fdp%2FB08KQGZBT7%2Fref%3Dsr_1_24_sspa%3Fkeywords%3Dcookware%26qid%3D1692448974%26sprefix%3Dcook%2B%252Caps%252C305%26sr%3D8-24-spons%26sp_csd%3Dd2lkZ2V0TmFtZT1zcF9tdGY%26psc%3D1","https://m.media-amazon.com/images/I/41J0aaad++L._AC_UL400_.jpg","javascript:void(0)","Sponsored","Sponsored","You are seeing this ad based on the product’s relevance to your search query.","https://www.amazon.in/s?k=cook+wear&sprefix=cook+%2Caps%2C305&ref=nb_sb_ss_ts-doa-p_4_5#","Let us know","https://www.amazon.in/sspa/click?ie=UTF8&spc=MTo1ODM2MTM1OTkxMTY3NTk1OjE2OTI0NDg5NzQ6c3BfbXRmOjIwMTY3Mzg0NTQ1ODk4OjowOjo&url=%2FIndus-Valley-Seasoned-Iron-Cookware%2Fdp%2FB08KQGZBT7%2Fref%3Dsr_1_24_sspa%3Fkeywords%3Dcookware%26qid%3D1692448974%26sprefix%3Dcook%2B%252Caps%252C305%26sr%3D8-24-spons%26sp_csd%3Dd2lkZ2V0TmFtZT1zcF9tdGY%26psc%3D1","The Indus Valley Pure Iron Cookware Set for Cooking and Deep Frying| Loha Kadai | Gas Stove and Induction Friendly | Naturally Non-Stick (Wok + Tawa (10 Inch))","Iron","javascript:void(0)","3.7 out of 5 stars","https://www.amazon.in/sspa/click?ie=UTF8&spc=MTo1ODM2MTM1OTkxMTY3NTk1OjE2OTI0NDg5NzQ6c3BfbXRmOjIwMTY3Mzg0NTQ1ODk4OjowOjo&url=%2FIndus-Valley-Seasoned-Iron-Cookware%2Fdp%2FB08KQGZBT7%2Fref%3Dsr_1_24_sspa%3Fkeywords%3Dcookware%26qid%3D1692448974%26sprefix%3Dcook%2B%252Caps%252C305%26sr%3D8-24-spons%26sp_csd%3Dd2lkZ2V0TmFtZT1zcF9tdGY%26psc%3D1#customerReviews","3.7","https://www.amazon.in/sspa/click?ie=UTF8&spc=MTo1ODM2MTM1OTkxMTY3NTk1OjE2OTI0NDg5NzQ6c3BfbXRmOjIwMTY3Mzg0NTQ1ODk4OjowOjo&url=%2FIndus-Valley-Seasoned-Iron-Cookware%2Fdp%2FB08KQGZBT7%2Fref%3Dsr_1_24_sspa%3Fkeywords%3Dcookware%26qid%3D1692448974%26sprefix%3Dcook%2B%252Caps%252C305%26sr%3D8-24-spons%26sp_csd%3Dd2lkZ2V0TmFtZT1zcF9tdGY%26psc%3D1","₹1,299","1,299","65% 4+ stars","₹3,200","(59% off)","5% coupon applied at checkout","with coupon","Get it by","https://www.amazon.in/gp/goldbox/","Deal of the Day","M.R.P:","Save 5%"
"https://www.amazon.in/CAROTE-Granite-Induction-Casserole-Biriyani/dp/B073PVRLYK/ref=sr_1_25?keywords=cookware&qid=1692448974&sprefix=cook+%2Caps%2C305&sr=8-25","https://m.media-amazon.com/images/I/61YAi61bhgL._AC_UL400_.jpg","","","Get it by","","https://www.amazon.in/CAROTE-Granite-Induction-Casserole-Biriyani/dp/B073PVRLYK/ref=sr_1_25?keywords=cookware&qid=1692448974&sprefix=cook+%2Caps%2C305&sr=8-25","","https://www.amazon.in/CAROTE-Granite-Induction-Casserole-Biriyani/dp/B073PVRLYK/ref=sr_1_25?keywords=cookware&qid=1692448974&sprefix=cook+%2Caps%2C305&sr=8-25#customerReviews","CAROTE Granite Non Stick Handi, Induction Casserole, Stew Pot, Biriyani Pot, Kadai, Sauce Pot with Lid,4L/24cm","4.5","javascript:void(0)","4.5 out of 5 stars","","88% 4+ stars","https://www.amazon.in/CAROTE-Granite-Induction-Casserole-Biriyani/dp/B073PVRLYK/ref=sr_1_25?keywords=cookware&qid=1692448974&sprefix=cook+%2Caps%2C305&sr=8-25","₹1,739","1,739","600+ bought in past month","₹3,859","(55% off)","Tuesday, 22 August","FREE Delivery by Amazon","","","","M.R.P:",""
"https://www.amazon.in/Prestige-Granite-Aluminium-Cookware-2-Pieces/dp/B0765C825W/ref=ice_ac_b_dpb?keywords=cookware&qid=1692448974&sprefix=cook+%2Caps%2C305&sr=8-26","https://m.media-amazon.com/images/I/41vDtZuHfzL._AC_UL400_.jpg","","","Get it by","","https://www.amazon.in/Prestige-Granite-Aluminium-Cookware-2-Pieces/dp/B0765C825W/ref=sr_1_26?keywords=cookware&qid=1692448974&sprefix=cook+%2Caps%2C305&sr=8-26","","https://www.amazon.in/Prestige-Granite-Aluminium-Cookware-2-Pieces/dp/B0765C825W/ref=sr_1_26?keywords=cookware&qid=1692448974&sprefix=cook+%2Caps%2C305&sr=8-26","Prestige Omega Deluxe Granite Aluminium Cookware Set, 2-Pieces, Black","4.0","javascript:void(0)","4.0 out of 5 stars","https://www.amazon.in/Prestige-Granite-Aluminium-Cookware-2-Pieces/dp/B0765C825W/ref=sr_1_26?keywords=cookware&qid=1692448974&sprefix=cook+%2Caps%2C305&sr=8-26#customerReviews","73% 4+ stars","https://www.amazon.in/Prestige-Granite-Aluminium-Cookware-2-Pieces/dp/B0765C825W/ref=sr_1_26?keywords=cookware&qid=1692448974&sprefix=cook+%2Caps%2C305&sr=8-26","₹1,690","1,690","100+ bought in past month","₹2,900","(42% off)","Wednesday, 23 August","FREE Delivery by Amazon","","","Amazon's","M.R.P:",""
"https://www.amazon.in/PIGEON-STOVEKRAFT-VIBRANT-ANODISED-COOKWARE/dp/B0C289VYXM/ref=sr_1_27?keywords=cookware&qid=1692448974&sprefix=cook+%2Caps%2C305&sr=8-27","https://m.media-amazon.com/images/I/71-RJdGzw-L._AC_UL400_.jpg","","","Get it by","","https://www.amazon.in/PIGEON-STOVEKRAFT-VIBRANT-ANODISED-COOKWARE/dp/B0C289VYXM/ref=sr_1_27?keywords=cookware&qid=1692448974&sprefix=cook+%2Caps%2C305&sr=8-27","","","PIGEON BY STOVEKRAFT VIBRANT HARD ANODISED COOKER + COOKWARE COMBO 5 IN 1 (2.5L HA COOKER WITH SS LID, TAWA KADAI, FRY PAN)","100+ bought in past month","","","","M.R.P:","https://www.amazon.in/PIGEON-STOVEKRAFT-VIBRANT-ANODISED-COOKWARE/dp/B0C289VYXM/ref=sr_1_27?keywords=cookware&qid=1692448974&sprefix=cook+%2Caps%2C305&sr=8-27","₹2,249","2,249","","₹4,995","(55% off)","Wednesday, 23 August","FREE Delivery by Amazon","","","","",""
"https://www.amazon.in/Hawkins-Futura-Anodised-Cook-n-Serve-Litres/dp/B0096DPR1O/ref=sr_1_28?keywords=cookware&qid=1692448974&sprefix=cook+%2Caps%2C305&sr=8-28","https://m.media-amazon.com/images/I/61X4-LGq71S._AC_UL400_.jpg","","","Get it by","","https://www.amazon.in/Hawkins-Futura-Anodised-Cook-n-Serve-Litres/dp/B0096DPR1O/ref=sr_1_28?keywords=cookware&qid=1692448974&sprefix=cook+%2Caps%2C305&sr=8-28","","https://www.amazon.in/Hawkins-Futura-Anodised-Cook-n-Serve-Litres/dp/B0096DPR1O/ref=sr_1_28?keywords=cookware&qid=1692448974&sprefix=cook+%2Caps%2C305&sr=8-28#customerReviews","Hawkins Futura 2 Litre Cook n Serve Bowl, Hard Anodised Saucepan with Hard Anodised Lid, Sauce Pan for Cooking and Serving, Black (ACB20), Aluminium","4.5","javascript:void(0)","4.5 out of 5 stars","","89% 4+ stars","https://www.amazon.in/Hawkins-Futura-Anodised-Cook-n-Serve-Litres/dp/B0096DPR1O/ref=sr_1_28?keywords=cookware&qid=1692448974&sprefix=cook+%2Caps%2C305&sr=8-28","₹1,315","1,315","","","","Thursday, 24 August","FREE Delivery by Amazon","","","","",""
"https://www.amazon.in/Hawkins-Contura-Anodised-Aluminium-Pressure/dp/B00SX03I08/ref=sr_1_29?keywords=cookware&qid=1692448974&sprefix=cook+%2Caps%2C305&sr=8-29","https://m.media-amazon.com/images/I/51THG198lOL._AC_UL400_.jpg","","","Get it by","","https://www.amazon.in/Hawkins-Contura-Anodised-Aluminium-Pressure/dp/B00SX03I08/ref=sr_1_29?keywords=cookware&qid=1692448974&sprefix=cook+%2Caps%2C305&sr=8-29","","https://www.amazon.in/Hawkins-Contura-Anodised-Aluminium-Pressure/dp/B00SX03I08/ref=sr_1_29?keywords=cookware&qid=1692448974&sprefix=cook+%2Caps%2C305&sr=8-29#customerReviews","Hawkins Contura Hard Anodized Pressure Cooker, 1.5 Liters","4.3","javascript:void(0)","4.3 out of 5 stars","","85% 4+ stars","https://www.amazon.in/Hawkins-Contura-Anodised-Aluminium-Pressure/dp/B00SX03I08/ref=sr_1_29?keywords=cookware&qid=1692448974&sprefix=cook+%2Caps%2C305&sr=8-29","₹1,399","1,399","1K+ bought in past month","₹1,625","(14% off)","Wednesday, 23 August","FREE Delivery by Amazon","","","","M.R.P:",""
"https://www.amazon.in/Amazon-Non-Stick-Cookware-Granite-Induction/dp/B0C2J9HCBN/ref=sr_1_30?keywords=cookware&qid=1692448974&sprefix=cook+%2Caps%2C305&sr=8-30","https://m.media-amazon.com/images/I/81MaO-Z79tL._AC_UL400_.jpg","","","Get it by","","https://www.amazon.in/Amazon-Non-Stick-Cookware-Granite-Induction/dp/B0C2J9HCBN/ref=sr_1_30?keywords=cookware&qid=1692448974&sprefix=cook+%2Caps%2C305&sr=8-30","","https://www.amazon.in/gp/goldbox/","Amazon Basics Non-Stick Cookware Set, Granite Finish, Induction Base (1 Deep Kadai - 24 cm with Glass Lid; Granito Grey)","M.R.P:","","","","","https://www.amazon.in/Amazon-Non-Stick-Cookware-Granite-Induction/dp/B0C2J9HCBN/ref=sr_1_30?keywords=cookware&qid=1692448974&sprefix=cook+%2Caps%2C305&sr=8-30","₹1,199","1,199","","₹1,799","(33% off)","Thursday, 24 August","FREE Delivery by Amazon","","","Limited time deal","",""
"https://www.amazon.in/Set-Detachable-Cookware-Granite-Induction/dp/B09SL7NRS9/ref=sr_1_31?keywords=cookware&qid=1692448974&sprefix=cook+%2Caps%2C305&sr=8-31","https://m.media-amazon.com/images/I/51chhGZ2VNL._AC_UL400_.jpg","","","Get it by","","https://www.amazon.in/Set-Detachable-Cookware-Granite-Induction/dp/B09SL7NRS9/ref=sr_1_31?keywords=cookware&qid=1692448974&sprefix=cook+%2Caps%2C305&sr=8-31","","https://www.amazon.in/Set-Detachable-Cookware-Granite-Induction/dp/B09SL7NRS9/ref=sr_1_31?keywords=cookware&qid=1692448974&sprefix=cook+%2Caps%2C305&sr=8-31#customerReviews","CAROTE Non Stick Set Combo, Cookware Set with Detachable Handle, Induction Pan Set Non Stick, Fry Pan Set Combo, Set of 3","4.4","javascript:void(0)","4.4 out of 5 stars","","87% 4+ stars","https://www.amazon.in/Set-Detachable-Cookware-Granite-Induction/dp/B09SL7NRS9/ref=sr_1_31?keywords=cookware&qid=1692448974&sprefix=cook+%2Caps%2C305&sr=8-31","₹3,399","3,399","200+ bought in past month","₹4,299","(21% off)","Wednesday, 23 August","FREE Delivery by Amazon","","","","M.R.P:",""
"https://www.amazon.in/Milton-Stainless-Sandwich-Dishwasher-Induction/dp/B09MJ5CLFH/ref=sr_1_32?keywords=cookware&qid=1692448974&sprefix=cook+%2Caps%2C305&sr=8-32","https://m.media-amazon.com/images/I/7177Ch1L+nL._AC_UL400_.jpg","","","Get it by","","https://www.amazon.in/Milton-Stainless-Sandwich-Dishwasher-Induction/dp/B09MJ5CLFH/ref=sr_1_32?keywords=cookware&qid=1692448974&sprefix=cook+%2Caps%2C305&sr=8-32","","https://www.amazon.in/Milton-Stainless-Sandwich-Dishwasher-Induction/dp/B09MJ5CLFH/ref=sr_1_32?keywords=cookware&qid=1692448974&sprefix=cook+%2Caps%2C305&sr=8-32#customerReviews","Milton Pro Cook Stainless Steel Sandwich Bottom Induction Kadhai with Glass Lid, 24 cm / 2.71 litres, Steel Plain | Dishwasher Safe | Flame Safe | Gas Stove Safe | Hot Plate Safe | SS Handle","Stainless Steel","javascript:void(0)","4.0 out of 5 stars","","4.0","https://www.amazon.in/Milton-Stainless-Sandwich-Dishwasher-Induction/dp/B09MJ5CLFH/ref=sr_1_32?keywords=cookware&qid=1692448974&sprefix=cook+%2Caps%2C305&sr=8-32","₹1,075","1,075","74% 4+ stars","₹1,350","(20% off)","Wednesday, 23 August","FREE Delivery by Amazon","","","","M.R.P:",""
"https://www.amazon.in/Hawkins-Futura-Cookware-Kitchen-CIT24/dp/B09RMPMY4V/ref=sr_1_33?keywords=cookware&qid=1692448974&sprefix=cook+%2Caps%2C305&sr=8-33","https://m.media-amazon.com/images/I/510plliyD9L._AC_UL400_.jpg","","","Get it by","","https://www.amazon.in/Hawkins-Futura-Cookware-Kitchen-CIT24/dp/B09RMPMY4V/ref=sr_1_33?keywords=cookware&qid=1692448974&sprefix=cook+%2Caps%2C305&sr=8-33","(15 new offers)","https://www.amazon.in/Hawkins-Futura-Cookware-Kitchen-CIT24/dp/B09RMPMY4V/ref=sr_1_33?keywords=cookware&qid=1692448974&sprefix=cook+%2Caps%2C305&sr=8-33#customerReviews","Hawkins Futura 24 cm Cast Iron Tava, Cast Iron Tawa for Roti, Cast Iron Cookware for Kitchen, Black (CIT24)","Cast Iron","javascript:void(0)","3.9 out of 5 stars","https://www.amazon.in/gp/offer-listing/B09RMPMY4V/ref=sr_1_33_olp?keywords=cookware&sprefix=cook+%2Caps%2C305&qid=1692448974&sr=8-33","3.9","https://www.amazon.in/Hawkins-Futura-Cookware-Kitchen-CIT24/dp/B09RMPMY4V/ref=sr_1_33?keywords=cookware&qid=1692448974&sprefix=cook+%2Caps%2C305&sr=8-33","₹1,368","1,368","71% 4+ stars","₹1,525","(10% off)","Tuesday, 22 August","FREE Delivery by Amazon","₹1,299","","","300+ bought in past month","M.R.P:"
"https://www.amazon.in/Vinod-Induction-Friendly-Tope-Pieces/dp/B082X5Z7FR/ref=sr_1_34?keywords=cookware&qid=1692448974&sprefix=cook+%2Caps%2C305&sr=8-34","https://m.media-amazon.com/images/I/51LFy6NJU3L._AC_UL400_.jpg","","","Get it by","","https://www.amazon.in/Vinod-Induction-Friendly-Tope-Pieces/dp/B082X5Z7FR/ref=sr_1_34?keywords=cookware&qid=1692448974&sprefix=cook+%2Caps%2C305&sr=8-34","","https://www.amazon.in/Vinod-Induction-Friendly-Tope-Pieces/dp/B082X5Z7FR/ref=sr_1_34?keywords=cookware&qid=1692448974&sprefix=cook+%2Caps%2C305&sr=8-34#customerReviews","Vinod Stainless Steel 3 pc Tope Set with Capacity of 1.4 litres, 1.8 litres & 2.2 litres with Stainless Steel Lids (Gas Stove and Induction Friendly) - Silver, 24 Months Warranty","4.3","javascript:void(0)","4.3 out of 5 stars","","84% 4+ stars","https://www.amazon.in/Vinod-Induction-Friendly-Tope-Pieces/dp/B082X5Z7FR/ref=sr_1_34?keywords=cookware&qid=1692448974&sprefix=cook+%2Caps%2C305&sr=8-34","₹1,529","1,529","400+ bought in past month","₹1,780","(14% off)","Tuesday, 22 August","FREE Delivery by Amazon","","","","M.R.P:",""
"https://www.amazon.in/Prestige-Durastone-Non-Stick-Stainless-Compatible/dp/B00N2ZJCJA/ref=sr_1_35?keywords=cookware&qid=1692448974&sprefix=cook+%2Caps%2C305&sr=8-35","https://m.media-amazon.com/images/I/41yIomgcfML._AC_UL400_.jpg","","","Get it by","","https://www.amazon.in/Prestige-Durastone-Non-Stick-Stainless-Compatible/dp/B00N2ZJCJA/ref=sr_1_35?keywords=cookware&qid=1692448974&sprefix=cook+%2Caps%2C305&sr=8-35","","https://www.amazon.in/Prestige-Durastone-Non-Stick-Stainless-Compatible/dp/B00N2ZJCJA/ref=sr_1_35?keywords=cookware&qid=1692448974&sprefix=cook+%2Caps%2C305&sr=8-35#customerReviews","Prestige Hard Anodised Plus Cookware Induction Base Roti Tawa | Black | 22.5cm | Perma-Cool Handles | Wide Base | Hand Washable","3.9","javascript:void(0)","3.9 out of 5 stars","","70% 4+ stars","https://www.amazon.in/Prestige-Durastone-Non-Stick-Stainless-Compatible/dp/B00N2ZJCJA/ref=sr_1_35?keywords=cookware&qid=1692448974&sprefix=cook+%2Caps%2C305&sr=8-35","₹648","648","3K+ bought in past month","₹780","(17% off)","Tuesday, 22 August","FREE Delivery by Amazon","","","","M.R.P:",""
"https://www.amazon.in/Pigeon-Favourite-Induction-Aluminium-Pressure/dp/B00VK5MCMI/ref=sr_1_36?keywords=cookware&qid=1692448974&sprefix=cook+%2Caps%2C305&sr=8-36","https://m.media-amazon.com/images/I/51xCU5ylKAL._AC_UL400_.jpg","","","Get it by","","https://www.amazon.in/Pigeon-Favourite-Induction-Aluminium-Pressure/dp/B00VK5MCMI/ref=sr_1_36?keywords=cookware&qid=1692448974&sprefix=cook+%2Caps%2C305&sr=8-36","","https://www.amazon.in/Pigeon-Favourite-Induction-Aluminium-Pressure/dp/B00VK5MCMI/ref=sr_1_36?keywords=cookware&qid=1692448974&sprefix=cook+%2Caps%2C305&sr=8-36#customerReviews","Pigeon By Stovekraft Favourite Aluminium Pressure Cooker with Outer Lid Gas Stove Compatible 3 Litre Capacity for Healthy Cooking (Silver)","3.8","javascript:void(0)","3.8 out of 5 stars","https://www.amazon.in/gp/goldbox/","69% 4+ stars","https://www.amazon.in/Pigeon-Favourite-Induction-Aluminium-Pressure/dp/B00VK5MCMI/ref=sr_1_36?keywords=cookware&qid=1692448974&sprefix=cook+%2Caps%2C305&sr=8-36","₹699","699","6K+ bought in past month","₹1,395","(50% off)","Tuesday, 22 August","FREE Delivery by Amazon","","","Limited time deal","M.R.P:",""
"https://www.amazon.in/gp/bestsellers/kitchen/1380037031/ref=sr_bs_36_1380037031_1","https://m.media-amazon.com/images/I/510yXR4GoNL._AC_UL400_.jpg","","","Get it by","","https://www.amazon.in/Pigeon-Pack-Stick-Cookware-2Pc/dp/B07KYPZHJ9/ref=sr_1_37?keywords=cookware&qid=1692448974&sprefix=cook+%2Caps%2C305&sr=8-37","","https://www.amazon.in/Pigeon-Pack-Stick-Cookware-2Pc/dp/B07KYPZHJ9/ref=sr_1_37?keywords=cookware&qid=1692448974&sprefix=cook+%2Caps%2C305&sr=8-37","Pigeon Aluminium Nonstick Duo Pack Flat Tawa 250 and Fry Pan 200 Gift Set (Red)","Aluminium","javascript:void(0)","3.7 out of 5 stars","https://www.amazon.in/Pigeon-Pack-Stick-Cookware-2Pc/dp/B07KYPZHJ9/ref=sr_1_37?keywords=cookware&qid=1692448974&sprefix=cook+%2Caps%2C305&sr=8-37#customerReviews","3.7","https://www.amazon.in/Pigeon-Pack-Stick-Cookware-2Pc/dp/B07KYPZHJ9/ref=sr_1_37?keywords=cookware&qid=1692448974&sprefix=cook+%2Caps%2C305&sr=8-37","₹549","549","63% 4+ stars","₹1,195","(54% off)","Wednesday, 23 August","FREE Delivery by Amazon","","https://www.amazon.in/gp/goldbox/","Best seller","7K+ bought in past month","M.R.P:"
"https://www.amazon.in/Prestige-Stainless-Induction-Compatible-Casserole/dp/B09F3FFH7L/ref=sr_1_38?keywords=cookware&qid=1692448974&sprefix=cook+%2Caps%2C305&sr=8-38","https://m.media-amazon.com/images/I/51eZk6Hi8nL._AC_UL400_.jpg","","","Get it by","","https://www.amazon.in/Prestige-Stainless-Induction-Compatible-Casserole/dp/B09F3FFH7L/ref=sr_1_38?keywords=cookware&qid=1692448974&sprefix=cook+%2Caps%2C305&sr=8-38","","https://www.amazon.in/Prestige-Stainless-Induction-Compatible-Casserole/dp/B09F3FFH7L/ref=sr_1_38?keywords=cookware&qid=1692448974&sprefix=cook+%2Caps%2C305&sr=8-38#customerReviews","Prestige Platina Popular Stainless Steel Gas and Induction Compatible Casserole with Glass Lid, 180 mm, 2 Litre","4.4","javascript:void(0)","4.4 out of 5 stars","","86% 4+ stars","","₹1,080","1,080","100+ bought in past month","₹1,350","(20% off)","Wednesday, 23 August","FREE Delivery by Amazon","","","","M.R.P:",""
"https://www.amazon.in/gp/bestsellers/kitchen/5076075031/ref=sr_bs_38_5076075031_1","https://m.media-amazon.com/images/I/71ovqbTc0RL._AC_UL400_.jpg","","","Get it by","","https://www.amazon.in/Hawkins-Casserole-Die-Cast-Reheating-MCSY75/dp/B0BVYWCPRF/ref=sr_1_39?keywords=cookware&qid=1692448974&sprefix=cook+%2Caps%2C305&sr=8-39","(6 new offers)","https://www.amazon.in/Hawkins-Casserole-Die-Cast-Reheating-MCSY75/dp/B0BVYWCPRF/ref=cs_sr_dp_1?keywords=cookware&qid=1692448974&sprefix=cook+%2Caps%2C305&sr=8-39","Hawkins 0.75 Litre Mini Casserole with Lid, Square Series Die-Cast pan for Cooking, Reheating, Serving and Storing, Yellow (MCSY75)","4.0","javascript:void(0)","4.0 out of 5 stars","https://www.amazon.in/Hawkins-Casserole-Die-Cast-Reheating-MCSY75/dp/B0BVYTJTWM/ref=cs_sr_dp_2?keywords=cookware&qid=1692448974&sprefix=cook+%2Caps%2C305&sr=8-39","73% 4+ stars","https://www.amazon.in/Hawkins-Casserole-Die-Cast-Reheating-MCSY75/dp/B0BVYWCPRF/ref=sr_1_39?keywords=cookware&qid=1692448974&sprefix=cook+%2Caps%2C305&sr=8-39","₹875","875","100+ bought in past month","","","Tuesday, 22 August","FREE Delivery by Amazon","₹855","https://www.amazon.in/Hawkins-Casserole-Die-Cast-Reheating-MCSY75/dp/B0BVYTVWZM/ref=cs_sr_dp_3?keywords=cookware&qid=1692448974&sprefix=cook+%2Caps%2C305&sr=8-39","Best seller","More Buying Choices",""
"https://www.amazon.in/Wonderchef-Valencia-Burgundy-Black-28Cm/dp/B0B7BQSKM6/ref=sr_1_40?keywords=cookware&qid=1692448974&sprefix=cook+%2Caps%2C305&sr=8-40","https://m.media-amazon.com/images/I/51b5CZm7SLL._AC_UL400_.jpg","","","Get it by","","https://www.amazon.in/Wonderchef-Valencia-Burgundy-Black-28Cm/dp/B0B7BQSKM6/ref=sr_1_40?keywords=cookware&qid=1692448974&sprefix=cook+%2Caps%2C305&sr=8-40","","https://www.amazon.in/Wonderchef-Valencia-Burgundy-Black-28Cm/dp/B0B7BQSKM6/ref=sr_1_40?keywords=cookware&qid=1692448974&sprefix=cook+%2Caps%2C305&sr=8-40#customerReviews","Wonderchef Valencia Non-Stick 28 Cm Dosa Tawa | Induction Friendly | Cool Touch Bakelite Handle | Pure Grade Aluminium| PFOA Free| 1 Year Warranty | Purple","Aluminium","javascript:void(0)","3.6 out of 5 stars","https://www.amazon.in/gp/goldbox/","3.6","https://www.amazon.in/Wonderchef-Valencia-Burgundy-Black-28Cm/dp/B0B7BQSKM6/ref=sr_1_40?keywords=cookware&qid=1692448974&sprefix=cook+%2Caps%2C305&sr=8-40","₹579","579","63% 4+ stars","₹1,700","(66% off)","Wednesday, 23 August","FREE Delivery by Amazon","","","Limited time deal","1K+ bought in past month","M.R.P:"
"https://www.amazon.in/Pristine-Stainless-Sandwich-Casserole-Induction/dp/B00LWWL26G/ref=sr_1_41?keywords=cookware&qid=1692448974&sprefix=cook+%2Caps%2C305&sr=8-41","https://m.media-amazon.com/images/I/41oIEDDMDcL._AC_UL400_.jpg","","","Get it by","","https://www.amazon.in/Pristine-Stainless-Sandwich-Casserole-Induction/dp/B00LWWL26G/ref=sr_1_41?keywords=cookware&qid=1692448974&sprefix=cook+%2Caps%2C305&sr=8-41","","https://www.amazon.in/Pristine-Stainless-Sandwich-Casserole-Induction/dp/B00LWWL26G/ref=sr_1_41?keywords=cookware&qid=1692448974&sprefix=cook+%2Caps%2C305&sr=8-41#customerReviews","Pristine Tri Ply Induction Compatible Stainless Steel Sandwich Base Cookware/Casserole Set 16cm & 18cm, Capacity-1.7L & 2.25L (4Piece, Silver)","3.9","javascript:void(0)","3.9 out of 5 stars","https://www.amazon.in/gp/goldbox/","70% 4+ stars","https://www.amazon.in/Pristine-Stainless-Sandwich-Casserole-Induction/dp/B00LWWL26G/ref=sr_1_41?keywords=cookware&qid=1692448974&sprefix=cook+%2Caps%2C305&sr=8-41","₹899","899","M.R.P:","₹1,250","(28% off)","Wednesday, 23 August","FREE Delivery by Amazon","","","Deal of the Day","",""
"https://www.amazon.in/gp/bestsellers/kitchen/27179523031/ref=sr_bs_41_27179523031_1","https://m.media-amazon.com/images/I/61dV7RCYobL._AC_UL400_.jpg","","","Get it by","","https://www.amazon.in/Hawkins-Pressure-Cooker-5-Liter-Silver/dp/B005G535I8/ref=sr_1_42?keywords=cookware&qid=1692448974&sprefix=cook+%2Caps%2C305&sr=8-42","","https://www.amazon.in/Hawkins-Pressure-Cooker-5-Liter-Silver/dp/B005G535I8/ref=sr_1_42?keywords=cookware&qid=1692448974&sprefix=cook+%2Caps%2C305&sr=8-42","Hawkins Idli Stand Suitable for 5L Cooker (12 Idlis)","3.9","javascript:void(0)","3.9 out of 5 stars","https://www.amazon.in/Hawkins-Pressure-Cooker-5-Liter-Silver/dp/B005G535I8/ref=sr_1_42?keywords=cookware&qid=1692448974&sprefix=cook+%2Caps%2C305&sr=8-42#customerReviews","71% 4+ stars","https://www.amazon.in/Hawkins-Pressure-Cooker-5-Liter-Silver/dp/B005G535I8/ref=sr_1_42?keywords=cookware&qid=1692448974&sprefix=cook+%2Caps%2C305&sr=8-42","₹380","380","1K+ bought in past month","","","Wednesday, 23 August","FREE Delivery over ₹499. Fulfilled by Amazon","","","Best seller","",""
"https://www.amazon.in/Amazon-Brand-Non-Stick-Cookware-Induction/dp/B0BZYCF584/ref=sr_1_43?keywords=cookware&qid=1692448974&sprefix=cook+%2Caps%2C305&sr=8-43","https://m.media-amazon.com/images/I/71e7OBKX2mL._AC_UL400_.jpg","","","FREE Delivery by Amazon","","https://www.amazon.in/Amazon-Brand-Non-Stick-Cookware-Induction/dp/B0BZYCF584/ref=sr_1_43?keywords=cookware&qid=1692448974&sprefix=cook+%2Caps%2C305&sr=8-43","","https://www.amazon.in/Amazon-Brand-Non-Stick-Cookware-Induction/dp/B0BZYCF584/ref=sr_1_43?keywords=cookware&qid=1692448974&sprefix=cook+%2Caps%2C305&sr=8-43#customerReviews","Amazon Brand - Solimo 6 Piece Non-Stick Cookware Set | Granite Finish | Induction Base | PFOA Free | HTR Exterior Coating | 25cm Tawa, 22 cm Kadai, 22cm Fry Pan, 1 Glass Lid & 2 Nylon Spatulas | Grey","3.9","javascript:void(0)","3.9 out of 5 stars","https://www.amazon.in/gp/goldbox/","77% 4+ stars","https://www.amazon.in/Amazon-Brand-Non-Stick-Cookware-Induction/dp/B0BZYCF584/ref=sr_1_43?keywords=cookware&qid=1692448974&sprefix=cook+%2Caps%2C305&sr=8-43","₹1,299","1,299","1K+ bought in past month","₹2,299","(43% off)","","","","","Limited time deal","M.R.P:",""
"https://www.amazon.in/Hawkins-Futura-Anodised-Stewpot-Litres/dp/B0097CXX1K/ref=sr_1_44?keywords=cookware&qid=1692448974&sprefix=cook+%2Caps%2C305&sr=8-44","https://m.media-amazon.com/images/I/51omwtn+uVS._AC_UL400_.jpg","","","Get it by","","https://www.amazon.in/Hawkins-Futura-Anodised-Stewpot-Litres/dp/B0097CXX1K/ref=sr_1_44?keywords=cookware&qid=1692448974&sprefix=cook+%2Caps%2C305&sr=8-44","(6 new offers)","https://www.amazon.in/Hawkins-Futura-Anodised-Stewpot-Litres/dp/B0097CXX1K/ref=sr_1_44?keywords=cookware&qid=1692448974&sprefix=cook+%2Caps%2C305&sr=8-44#customerReviews","Hawkins Futura 2.25 Litre Cook n Serve Stewpot, Hard Anodised Sauce Pan with Stainless Steel Lid, Cooking Pot with Two Handles, Black (AST225)","4.4","javascript:void(0)","4.4 out of 5 stars","https://www.amazon.in/gp/offer-listing/B0097CXX1K/ref=sr_1_44_olp?keywords=cookware&sprefix=cook+%2Caps%2C305&qid=1692448974&sr=8-44","87% 4+ stars","https://www.amazon.in/Hawkins-Futura-Anodised-Stewpot-Litres/dp/B0097CXX1K/ref=sr_1_44?keywords=cookware&qid=1692448974&sprefix=cook+%2Caps%2C305&sr=8-44","₹1,306","1,306","50+ bought in past month","₹1,340","(3% off)","Tuesday, 22 August","FREE Delivery by Amazon","₹1,225","","","M.R.P:","More Buying Choices"
"https://www.amazon.in/Amazon-Brand-Stainless-Hammertone-thickness/dp/B07P8ZW575/ref=sr_1_45?keywords=cookware&qid=1692448974&sprefix=cook+%2Caps%2C305&sr=8-45","https://m.media-amazon.com/images/I/91+e3+6vRJL._AC_UL400_.jpg","","","Get it by","","https://www.amazon.in/Amazon-Brand-Stainless-Hammertone-thickness/dp/B07P8ZW575/ref=sr_1_45?keywords=cookware&qid=1692448974&sprefix=cook+%2Caps%2C305&sr=8-45","","https://www.amazon.in/Amazon-Brand-Stainless-Hammertone-thickness/dp/B07P8ZW575/ref=sr_1_45?keywords=cookware&qid=1692448974&sprefix=cook+%2Caps%2C305&sr=8-45#customerReviews","Amazon Brand - Solimo Non Stick Handi with Stainless Steel Lid (4.25L, Hammertone finish, 3 coat, 2.9mm thickness)","Aluminium","javascript:void(0)","4.2 out of 5 stars","https://www.amazon.in/gp/goldbox/","4.2","https://www.amazon.in/Amazon-Brand-Stainless-Hammertone-thickness/dp/B07P8ZW575/ref=sr_1_45?keywords=cookware&qid=1692448974&sprefix=cook+%2Caps%2C305&sr=8-45","₹899","899","80% 4+ stars","₹1,530","(41% off)","Tuesday, 22 August","FREE Delivery by Amazon","","","Limited time deal","400+ bought in past month","M.R.P:"
"https://www.amazon.in/Prestige-Granite-Induction-Cookware-Crimson/dp/B0B4DXRFR6/ref=sr_1_46?keywords=cookware&qid=1692448974&sprefix=cook+%2Caps%2C305&sr=8-46","https://m.media-amazon.com/images/I/51Es2RIAk4L._AC_UL400_.jpg","","","Get it by","","https://www.amazon.in/Prestige-Granite-Induction-Cookware-Crimson/dp/B0B4DXRFR6/ref=sr_1_46?keywords=cookware&qid=1692448974&sprefix=cook+%2Caps%2C305&sr=8-46","","https://www.amazon.in/Prestige-Granite-Induction-Cookware-Crimson/dp/B0B4DXRFR6/ref=sr_1_46?keywords=cookware&qid=1692448974&sprefix=cook+%2Caps%2C305&sr=8-46#customerReviews","Prestige Omega Deluxe Granite Non-Stick Cookware 3 Pc Set| PFOA Free 5-Layer Coating | Omni Tawa 25 cm | Fry Pan 24 cm | Kadai with Glass Lid 24 cm | Crimson Red","4.2","javascript:void(0)","4.2 out of 5 stars","https://www.amazon.in/gp/goldbox/","82% 4+ stars","https://www.amazon.in/Prestige-Granite-Induction-Cookware-Crimson/dp/B0B4DXRFR6/ref=sr_1_46?keywords=cookware&qid=1692448974&sprefix=cook+%2Caps%2C305&sr=8-46","₹2,049","2,049","200+ bought in past month","₹3,800","(46% off)","Wednesday, 23 August","FREE Delivery by Amazon","","","Limited time deal","M.R.P:",""
"https://www.amazon.in/Pigeon-Basics-Cookware-Set-Black/dp/B0C24B31C4/ref=sr_1_47?keywords=cookware&qid=1692448974&sprefix=cook+%2Caps%2C305&sr=8-47","https://m.media-amazon.com/images/I/51pCDEgIwPL._AC_UL400_.jpg","","","Get it by","","https://www.amazon.in/Pigeon-Basics-Cookware-Set-Black/dp/B0C24B31C4/ref=sr_1_47?keywords=cookware&qid=1692448974&sprefix=cook+%2Caps%2C305&sr=8-47","","https://www.amazon.in/Pigeon-Basics-Cookware-Set-Black/dp/B0C24B31C4/ref=sr_1_47?keywords=cookware&qid=1692448974&sprefix=cook+%2Caps%2C305&sr=8-47#customerReviews","Pigeon Basics Cookware Set Non IB (Black)","3.7","javascript:void(0)","3.7 out of 5 stars","https://www.amazon.in/gp/goldbox/","64% 4+ stars","https://www.amazon.in/Pigeon-Basics-Cookware-Set-Black/dp/B0C24B31C4/ref=sr_1_47?keywords=cookware&qid=1692448974&sprefix=cook+%2Caps%2C305&sr=8-47","₹1,199","1,199","400+ bought in past month","₹3,295","(64% off)","Tuesday, 22 August","FREE Delivery by Amazon","","","Limited time deal","M.R.P:",""
"https://www.amazon.in/Cookware-Induction-Friendly-Tuscany-5-Pieces/dp/B00EYZSQLC/ref=sr_1_48?keywords=cookware&qid=1692448974&sprefix=cook+%2Caps%2C305&sr=8-48","https://m.media-amazon.com/images/I/51R4FVP8UxS._AC_UL400_.jpg","","","Get it by","","https://www.amazon.in/Cookware-Induction-Friendly-Tuscany-5-Pieces/dp/B00EYZSQLC/ref=sr_1_48?keywords=cookware&qid=1692448974&sprefix=cook+%2Caps%2C305&sr=8-48","","https://www.amazon.in/Cookware-Induction-Friendly-Tuscany-5-Pieces/dp/B00EYZSQLC/ref=sr_1_48?keywords=cookware&qid=1692448974&sprefix=cook+%2Caps%2C305&sr=8-48#customerReviews","Vinod Stainless Steel Induction Friendly Tuscany Set 5 Pieces - Saucepan (14 cm/1.3 Litre), 3 Cassseroles (14 cm,16 cm & 18 cm/1.3,2 & 2.8 Litre), Frypan (18 cm) & 3 Glass Lids","4.1","javascript:void(0)","4.1 out of 5 stars","","78% 4+ stars","https://www.amazon.in/Cookware-Induction-Friendly-Tuscany-5-Pieces/dp/B00EYZSQLC/ref=sr_1_48?keywords=cookware&qid=1692448974&sprefix=cook+%2Caps%2C305&sr=8-48","₹3,379","3,379","100+ bought in past month","₹4,170","(19% off)","Tuesday, 22 August","FREE Delivery by Amazon","","","","M.R.P:",""
"https://www.amazon.in/Meyer-Seasoned-Cast-Skillet-Handles/dp/B07Z3HX578/ref=sr_1_49?keywords=cookware&qid=1692448974&sprefix=cook+%2Caps%2C305&sr=8-49","https://m.media-amazon.com/images/I/21YUacbMNFL._AC_UL400_.jpg","","","Get it by","","https://www.amazon.in/Meyer-Seasoned-Cast-Skillet-Handles/dp/B07Z3HX578/ref=sr_1_49?keywords=cookware&qid=1692448974&sprefix=cook+%2Caps%2C305&sr=8-49","","https://www.amazon.in/Meyer-Seasoned-Cast-Skillet-Handles/dp/B07Z3HX578/ref=sr_1_49?keywords=cookware&qid=1692448974&sprefix=cook+%2Caps%2C305&sr=8-49#customerReviews","Meyer Pre Seasoned Cast Iron Skillet | Fry Pan | Iron Pan | Cast Iron Cookware| Cast Iron Frying Pan with 2 Side Handles | Gas and Induction Compatible, 24cm/ 1.6 litres, Black","Cast Iron","javascript:void(0)","4.0 out of 5 stars","https://www.amazon.in/gp/goldbox/","4.0","https://www.amazon.in/Meyer-Seasoned-Cast-Skillet-Handles/dp/B07Z3HX578/ref=sr_1_49?keywords=cookware&qid=1692448974&sprefix=cook+%2Caps%2C305&sr=8-49","₹1,940","1,940","76% 4+ stars","₹2,975","(35% off)","Tuesday, 22 August","FREE Delivery by Amazon","","","Deal of the Day","100+ bought in past month","M.R.P:"
"https://www.amazon.in/Hawkins-Naturally-Nonstick-Cookware-CIK20G/dp/B0BVVJQVVL/ref=sr_1_50?keywords=cookware&qid=1692448974&sprefix=cook+%2Caps%2C305&sr=8-50","https://m.media-amazon.com/images/I/71wjyTdhw6L._AC_UL400_.jpg","","","Get it by","","https://www.amazon.in/Hawkins-Naturally-Nonstick-Cookware-CIK20G/dp/B0BVVJQVVL/ref=sr_1_50?keywords=cookware&qid=1692448974&sprefix=cook+%2Caps%2C305&sr=8-50","(11 new offers)","https://www.amazon.in/Hawkins-Naturally-Nonstick-Cookware-CIK20G/dp/B0BVVJQVVL/ref=sr_1_50?keywords=cookware&qid=1692448974&sprefix=cook+%2Caps%2C305&sr=8-50#customerReviews","Hawkins Futura 2 Litre Cast Iron Kadhai, Naturally Nonstick Cast Iron Kadai with Glass Lid, Cast Iron Cookware for Kitchen, Black (CIK20G)","Cast Iron","javascript:void(0)","4.2 out of 5 stars","https://www.amazon.in/gp/offer-listing/B0BVVJQVVL/ref=sr_1_50_olp?keywords=cookware&sprefix=cook+%2Caps%2C305&qid=1692448974&sr=8-50","4.2","https://www.amazon.in/Hawkins-Naturally-Nonstick-Cookware-CIK20G/dp/B0BVVJQVVL/ref=sr_1_50?keywords=cookware&qid=1692448974&sprefix=cook+%2Caps%2C305&sr=8-50","₹2,246","2,246","77% 4+ stars","₹2,500","(10% off)","Tuesday, 22 August","FREE Delivery by Amazon","₹2,240","","","500+ bought in past month","M.R.P:"
"https://www.amazon.in/Sumeet-Stainless-Induction-Friendly-Container/dp/B0787ZQG7V/ref=sr_1_51?keywords=cookware&qid=1692448974&sprefix=cook+%2Caps%2C305&sr=8-51","https://m.media-amazon.com/images/I/811jIMCSTsL._AC_UL400_.jpg","","","Get it by","","https://www.amazon.in/Sumeet-Stainless-Induction-Friendly-Container/dp/B0787ZQG7V/ref=cs_sr_dp_1?keywords=cookware&qid=1692448974&sprefix=cook+%2Caps%2C305&sr=8-51","+6","https://www.amazon.in/Sumeet-Stainless-Induction-Friendly-Container/dp/B0781TKYBG/ref=cs_sr_dp_2?keywords=cookware&qid=1692448974&sprefix=cook+%2Caps%2C305&sr=8-51","Sumeet Stainless Steel Cookware Set With Lid, 1.6, 2.1 Liters, 3 Piece (Steel)","4.1","javascript:void(0)","4.1 out of 5 stars","https://www.amazon.in/Sumeet-Stainless-Induction-Friendly-Container/dp/B07QGS4B24/ref=cs_sr_dp_3?keywords=cookware&qid=1692448974&sprefix=cook+%2Caps%2C305&sr=8-51","77% 4+ stars","https://www.amazon.in/Sumeet-Stainless-Induction-Friendly-Container/dp/B0787ZQG7V/ref=sr_1_51?keywords=cookware&qid=1692448974&sprefix=cook+%2Caps%2C305&sr=8-51","₹831","831","100+ bought in past month","₹1,570","(47% off)","Tuesday, 22 August","FREE Delivery by Amazon","","https://www.amazon.in/Sumeet-Stainless-Induction-Friendly-Container/dp/B07877G2CM/ref=cs_sr_dp_4?keywords=cookware&qid=1692448974&sprefix=cook+%2Caps%2C305&sr=8-51","Deal of the Day","M.R.P:",""
"https://www.amazon.in/Cookware-Stainless-Induction-Friendly-Saucepan/dp/B07L7DL4Z3/ref=sr_1_52?keywords=cookware&qid=1692448974&sprefix=cook+%2Caps%2C305&sr=8-52","https://m.media-amazon.com/images/I/71sLEA9lddL._AC_UL400_.jpg","","","Get it by","","https://www.amazon.in/Cookware-Stainless-Induction-Friendly-Saucepan/dp/B07L7DL4Z3/ref=sr_1_52?keywords=cookware&qid=1692448974&sprefix=cook+%2Caps%2C305&sr=8-52","","https://www.amazon.in/Cookware-Stainless-Induction-Friendly-Saucepan/dp/B07L7DL4Z3/ref=sr_1_52?keywords=cookware&qid=1692448974&sprefix=cook+%2Caps%2C305&sr=8-52#customerReviews","Vinod Stainless Steel Induction Friendly Classic Deluxe Combo Set-4 Pieces,Saucepan(16 cm/2.1 Litre)with Lid, Saucepot (20 cm/3.8 Litre), Kadai with Lid(20 cn/1.8 Litre) & Frypan (20 cm)","4.2","javascript:void(0)","4.2 out of 5 stars","","82% 4+ stars","","₹3,349","3,349","500+ bought in past month","₹4,250","(21% off)","Tuesday, 22 August","FREE Delivery by Amazon","","","","M.R.P:",""
"https://www.amazon.in/gp/bestsellers/kitchen/1380042031/ref=sr_bs_52_1380042031_1","https://m.media-amazon.com/images/I/51HGg6TfClS._AC_UL400_.jpg","","","Get it by","","https://www.amazon.in/Hawkins-Induction-Stainless-Liters-Silver/dp/B079M2PDLL/ref=sr_1_53?keywords=cookware&qid=1692448974&sprefix=cook+%2Caps%2C305&sr=8-53","(9 new offers)","https://www.amazon.in/Hawkins-Induction-Stainless-Liters-Silver/dp/B079M2PDLL/ref=sr_1_53?keywords=cookware&qid=1692448974&sprefix=cook+%2Caps%2C305&sr=8-53","Hawkins Stainless Steel Tpan 1.5L with Glass lid","4.5","javascript:void(0)","4.5 out of 5 stars","https://www.amazon.in/Hawkins-Induction-Stainless-Liters-Silver/dp/B079M2PDLL/ref=sr_1_53?keywords=cookware&qid=1692448974&sprefix=cook+%2Caps%2C305&sr=8-53#customerReviews","91% 4+ stars","https://www.amazon.in/Hawkins-Induction-Stainless-Liters-Silver/dp/B079M2PDLL/ref=sr_1_53?keywords=cookware&qid=1692448974&sprefix=cook+%2Caps%2C305&sr=8-53","₹1,251","1,251","500+ bought in past month","₹1,260","(1% off)","Tuesday, 22 August","FREE Delivery by Amazon","₹1,245","https://www.amazon.in/gp/offer-listing/B079M2PDLL/ref=sr_1_53_olp?keywords=cookware&sprefix=cook+%2Caps%2C305&qid=1692448974&sr=8-53","Best seller","M.R.P:","More Buying Choices"
"https://www.amazon.in/Vinod-Stainless-Steel-Bremen-Saucepot/dp/B00EYZSUP4/ref=sr_1_54?keywords=cookware&qid=1692448974&sprefix=cook+%2Caps%2C305&sr=8-54","https://m.media-amazon.com/images/I/510e2UyYloL._AC_UL400_.jpg","","","Get it by","","https://www.amazon.in/Vinod-Stainless-Steel-Bremen-Saucepot/dp/B00EYZSUP4/ref=sr_1_54?keywords=cookware&qid=1692448974&sprefix=cook+%2Caps%2C305&sr=8-54","","https://www.amazon.in/Vinod-Stainless-Steel-Bremen-Saucepot/dp/B00EYZSUP4/ref=sr_1_54?keywords=cookware&qid=1692448974&sprefix=cook+%2Caps%2C305&sr=8-54#customerReviews","Vinod Stainless Steel Bremen Saucepot with Glass Lid - 3 Pieces, Capacity 1,1.5 and 2 Litre, Induction and Gas Base- Silver (2 Year Warranty)","3.8","javascript:void(0)","3.8 out of 5 stars","","69% 4+ stars","https://www.amazon.in/Vinod-Stainless-Steel-Bremen-Saucepot/dp/B00EYZSUP4/ref=sr_1_54?keywords=cookware&qid=1692448974&sprefix=cook+%2Caps%2C305&sr=8-54","₹1,699","1,699","50+ bought in past month","₹1,895","(10% off)","Tuesday, 22 August","FREE Delivery by Amazon","","","","M.R.P:",""
"https://www.amazon.in/Prestige-Popular-Svachh-Hard-Anodised/dp/B0C3DDBBWM/ref=sr_1_55?keywords=cookware&qid=1692448974&sprefix=cook+%2Caps%2C305&sr=8-55","https://m.media-amazon.com/images/I/61AwXzcSQgL._AC_UL400_.jpg","","","Get it by","","https://www.amazon.in/Prestige-Popular-Svachh-Hard-Anodised/dp/B0C3DDBBWM/ref=sr_1_55?keywords=cookware&qid=1692448974&sprefix=cook+%2Caps%2C305&sr=8-55","","https://www.amazon.in/Prestige-Popular-Svachh-Hard-Anodised/dp/B0C3DDBBWM/ref=sr_1_55?keywords=cookware&qid=1692448974&sprefix=cook+%2Caps%2C305&sr=8-55#customerReviews","Prestige Popular Svachh Hard Anodised Pressure Cooker(3.0 L, Black, Deep Lid-Controls Spillage)","3.9","javascript:void(0)","3.9 out of 5 stars","","74% 4+ stars","https://www.amazon.in/Prestige-Popular-Svachh-Hard-Anodised/dp/B0C3DDBBWM/ref=sr_1_55?keywords=cookware&qid=1692448974&sprefix=cook+%2Caps%2C305&sr=8-55","₹1,690","1,690","500+ bought in past month","₹2,000","(16% off)","Tuesday, 22 August","FREE Delivery by Amazon","","","","M.R.P:",""
"https://www.amazon.in/gp/bestsellers/kitchen/9780785031/ref=sr_bs_55_9780785031_1","https://m.media-amazon.com/images/I/41YB7bw+lsL._AC_UL400_.jpg","","","Get it by","","https://www.amazon.in/Hawkins-Triply-Stainless-Silver-STP15/dp/B0BGZL41ST/ref=sr_1_56?keywords=cookware&qid=1692448974&sprefix=cook+%2Caps%2C305&sr=8-56","(10 new offers)","https://www.amazon.in/Hawkins-Triply-Stainless-Silver-STP15/dp/B0BGZL41ST/ref=sr_1_56?keywords=cookware&qid=1692448974&sprefix=cook+%2Caps%2C305&sr=8-56","Hawkins 1.5 Cup Tadka Pan, 360 ml Triply Stainless Steel Pan, Induction Pan, Silver (STP15)","Stainless Steel","javascript:void(0)","4.5 out of 5 stars","https://www.amazon.in/Hawkins-Triply-Stainless-Silver-STP15/dp/B0BGZL41ST/ref=sr_1_56?keywords=cookware&qid=1692448974&sprefix=cook+%2Caps%2C305&sr=8-56#customerReviews","4.5","https://www.amazon.in/Hawkins-Triply-Stainless-Silver-STP15/dp/B0BGZL41ST/ref=sr_1_56?keywords=cookware&qid=1692448974&sprefix=cook+%2Caps%2C305&sr=8-56","₹499","499","89% 4+ stars","₹500","","Tuesday, 22 August","FREE Delivery by Amazon","₹449","https://www.amazon.in/gp/offer-listing/B0BGZL41ST/ref=sr_1_56_olp?keywords=cookware&sprefix=cook+%2Caps%2C305&qid=1692448974&sr=8-56","Best seller","1K+ bought in past month","M.R.P:"
"https://www.amazon.in/sspa/click?ie=UTF8&spc=MTo1ODM2MTM1OTkxMTY3NTk1OjE2OTI0NDg5NzQ6c3BfYnRmOjIwMTY3Mzg0NTUwNjk4OjowOjo&url=%2FIndus-Valley-Pre-Seasoned-Cookware-Skillet%2Fdp%2FB07MRMFR24%2Fref%3Dsr_1_57_sspa%3Fkeywords%3Dcookware%26qid%3D1692448974%26sprefix%3Dcook%2B%252Caps%252C305%26sr%3D8-57-spons%26sp_csd%3Dd2lkZ2V0TmFtZT1zcF9idGY%26psc%3D1","https://m.media-amazon.com/images/I/51sXDkw2ioL._AC_UL400_.jpg","javascript:void(0)","Sponsored","Sponsored","You are seeing this ad based on the product’s relevance to your search query.","https://www.amazon.in/s?k=cook+wear&sprefix=cook+%2Caps%2C305&ref=nb_sb_ss_ts-doa-p_4_5#","Let us know","https://www.amazon.in/sspa/click?ie=UTF8&spc=MTo1ODM2MTM1OTkxMTY3NTk1OjE2OTI0NDg5NzQ6c3BfYnRmOjIwMTY3Mzg0NTUwNjk4OjowOjo&url=%2FIndus-Valley-Pre-Seasoned-Cookware-Skillet%2Fdp%2FB07MRMFR24%2Fref%3Dsr_1_57_sspa%3Fkeywords%3Dcookware%26qid%3D1692448974%26sprefix%3Dcook%2B%252Caps%252C305%26sr%3D8-57-spons%26sp_csd%3Dd2lkZ2V0TmFtZT1zcF9idGY%26psc%3D1","The Indus Valley Cast Iron Combo Cookware Set for Cooking & Deep Frying | Set of 2, Gas Compatible | Kadai(8inch) & Skillet(10inch) | Pre-Seasoned, 100% Toxin-Free, Long Lasting, No Chemical Coating","Cast Iron","javascript:void(0)","4.0 out of 5 stars","https://www.amazon.in/sspa/click?ie=UTF8&spc=MTo1ODM2MTM1OTkxMTY3NTk1OjE2OTI0NDg5NzQ6c3BfYnRmOjIwMTY3Mzg0NTUwNjk4OjowOjo&url=%2FIndus-Valley-Pre-Seasoned-Cookware-Skillet%2Fdp%2FB07MRMFR24%2Fref%3Dsr_1_57_sspa%3Fkeywords%3Dcookware%26qid%3D1692448974%26sprefix%3Dcook%2B%252Caps%252C305%26sr%3D8-57-spons%26sp_csd%3Dd2lkZ2V0TmFtZT1zcF9idGY%26psc%3D1#customerReviews","4.0","https://www.amazon.in/sspa/click?ie=UTF8&spc=MTo1ODM2MTM1OTkxMTY3NTk1OjE2OTI0NDg5NzQ6c3BfYnRmOjIwMTY3Mzg0NTUwNjk4OjowOjo&url=%2FIndus-Valley-Pre-Seasoned-Cookware-Skillet%2Fdp%2FB07MRMFR24%2Fref%3Dsr_1_57_sspa%3Fkeywords%3Dcookware%26qid%3D1692448974%26sprefix%3Dcook%2B%252Caps%252C305%26sr%3D8-57-spons%26sp_csd%3Dd2lkZ2V0TmFtZT1zcF9idGY%26psc%3D1","₹1,860","1,860","73% 4+ stars","₹2,500","(26% off)","5% coupon applied at checkout","with coupon","Get it by","https://www.amazon.in/gp/goldbox/","Deal of the Day","M.R.P:","Save 5%"
"https://www.amazon.in/sspa/click?ie=UTF8&spc=MTo1ODM2MTM1OTkxMTY3NTk1OjE2OTI0NDg5NzQ6c3BfYnRmOjMwMDAxNjA3MTY3MDEzMjo6MDo6&url=%2FIndus-Valley-Deep-Fry-Pan%2Fdp%2FB0C3HNRQF1%2Fref%3Dsr_1_58_sspa%3Fkeywords%3Dcookware%26qid%3D1692448974%26sprefix%3Dcook%2B%252Caps%252C305%26sr%3D8-58-spons%26sp_csd%3Dd2lkZ2V0TmFtZT1zcF9idGY%26psc%3D1","https://m.media-amazon.com/images/I/41IyUIkOuPL._AC_UL400_.jpg","javascript:void(0)","Sponsored","Sponsored","You are seeing this ad based on the product’s relevance to your search query.","https://www.amazon.in/s?k=cook+wear&sprefix=cook+%2Caps%2C305&ref=nb_sb_ss_ts-doa-p_4_5#","Let us know","https://www.amazon.in/sspa/click?ie=UTF8&spc=MTo1ODM2MTM1OTkxMTY3NTk1OjE2OTI0NDg5NzQ6c3BfYnRmOjMwMDAxNjA3MTY3MDEzMjo6MDo6&url=%2FIndus-Valley-Deep-Fry-Pan%2Fdp%2FB0C3HNRQF1%2Fref%3Dsr_1_58_sspa%3Fkeywords%3Dcookware%26qid%3D1692448974%26sprefix%3Dcook%2B%252Caps%252C305%26sr%3D8-58-spons%26sp_csd%3Dd2lkZ2V0TmFtZT1zcF9idGY%26psc%3D1","The Indus Valley Triply Stainless Steel Deep Fry Pan for Frying/Roasting with Long Handle | 8.7Inch, 1.6Ltr, 0.91kg, Gas & Induction Friendly | Fully Clad 304 Grade, 3-Layer Body, 100% Toxin-free, Long Lasting","Stainless Steel","javascript:void(0)","4.0 out of 5 stars","https://www.amazon.in/sspa/click?ie=UTF8&spc=MTo1ODM2MTM1OTkxMTY3NTk1OjE2OTI0NDg5NzQ6c3BfYnRmOjMwMDAxNjA3MTY3MDEzMjo6MDo6&url=%2FIndus-Valley-Deep-Fry-Pan%2Fdp%2FB0C3HNRQF1%2Fref%3Dsr_1_58_sspa%3Fkeywords%3Dcookware%26qid%3D1692448974%26sprefix%3Dcook%2B%252Caps%252C305%26sr%3D8-58-spons%26sp_csd%3Dd2lkZ2V0TmFtZT1zcF9idGY%26psc%3D1#customerReviews","4.0","https://www.amazon.in/sspa/click?ie=UTF8&spc=MTo1ODM2MTM1OTkxMTY3NTk1OjE2OTI0NDg5NzQ6c3BfYnRmOjMwMDAxNjA3MTY3MDEzMjo6MDo6&url=%2FIndus-Valley-Deep-Fry-Pan%2Fdp%2FB0C3HNRQF1%2Fref%3Dsr_1_58_sspa%3Fkeywords%3Dcookware%26qid%3D1692448974%26sprefix%3Dcook%2B%252Caps%252C305%26sr%3D8-58-spons%26sp_csd%3Dd2lkZ2V0TmFtZT1zcF9idGY%26psc%3D1","₹1,999","1,999","73% 4+ stars","₹3,330","(40% off)","5% coupon applied at checkout","with coupon","Get it by","https://www.amazon.in/gp/goldbox/","Deal of the Day","100+ bought in past month","M.R.P:"
"https://www.amazon.in/sspa/click?ie=UTF8&spc=MTo1ODM2MTM1OTkxMTY3NTk1OjE2OTI0NDg5NzQ6c3BfYnRmOjIwMTY3Mzg0NTQ2Njk4OjowOjo&url=%2FIndus-Valley-Seasoned-Smooth-Cookware%2Fdp%2FB0BKSLY4PH%2Fref%3Dsr_1_59_sspa%3Fkeywords%3Dcookware%26qid%3D1692448974%26sprefix%3Dcook%2B%252Caps%252C305%26sr%3D8-59-spons%26sp_csd%3Dd2lkZ2V0TmFtZT1zcF9idGY%26psc%3D1","https://m.media-amazon.com/images/I/51JVB-dvFHL._AC_UL400_.jpg","javascript:void(0)","Sponsored","Sponsored","You are seeing this ad based on the product’s relevance to your search query.","https://www.amazon.in/s?k=cook+wear&sprefix=cook+%2Caps%2C305&ref=nb_sb_ss_ts-doa-p_4_5#","Let us know","https://www.amazon.in/sspa/click?ie=UTF8&spc=MTo1ODM2MTM1OTkxMTY3NTk1OjE2OTI0NDg5NzQ6c3BfYnRmOjIwMTY3Mzg0NTQ2Njk4OjowOjo&url=%2FIndus-Valley-Seasoned-Smooth-Cookware%2Fdp%2FB0BKSLY4PH%2Fref%3Dsr_1_59_sspa%3Fkeywords%3Dcookware%26qid%3D1692448974%26sprefix%3Dcook%2B%252Caps%252C305%26sr%3D8-59-spons%26sp_csd%3Dd2lkZ2V0TmFtZT1zcF9idGY%26psc%3D1","The Indus Valley Super Smooth Cast Iron Cookware Set | Set of 3, Gas & Induction Friendly | Kadai(10inch), Skillet(10inch), Long Handle Tawa(10inch) | Pre-Seasoned, 100% Toxin-Free, Long Lasting","4.1","javascript:void(0)","4.1 out of 5 stars","https://www.amazon.in/sspa/click?ie=UTF8&spc=MTo1ODM2MTM1OTkxMTY3NTk1OjE2OTI0NDg5NzQ6c3BfYnRmOjIwMTY3Mzg0NTQ2Njk4OjowOjo&url=%2FIndus-Valley-Seasoned-Smooth-Cookware%2Fdp%2FB0BKSLY4PH%2Fref%3Dsr_1_59_sspa%3Fkeywords%3Dcookware%26qid%3D1692448974%26sprefix%3Dcook%2B%252Caps%252C305%26sr%3D8-59-spons%26sp_csd%3Dd2lkZ2V0TmFtZT1zcF9idGY%26psc%3D1#customerReviews","78% 4+ stars","https://www.amazon.in/sspa/click?ie=UTF8&spc=MTo1ODM2MTM1OTkxMTY3NTk1OjE2OTI0NDg5NzQ6c3BfYnRmOjIwMTY3Mzg0NTQ2Njk4OjowOjo&url=%2FIndus-Valley-Seasoned-Smooth-Cookware%2Fdp%2FB0BKSLY4PH%2Fref%3Dsr_1_59_sspa%3Fkeywords%3Dcookware%26qid%3D1692448974%26sprefix%3Dcook%2B%252Caps%252C305%26sr%3D8-59-spons%26sp_csd%3Dd2lkZ2V0TmFtZT1zcF9idGY%26psc%3D1","₹4,099","4,099","M.R.P:","₹7,500","(45% off)","5% coupon applied at checkout","with coupon","Get it by","https://www.amazon.in/gp/goldbox/","Deal of the Day","Save 5%",""
"https://www.amazon.in/sspa/click?ie=UTF8&spc=MTo1ODM2MTM1OTkxMTY3NTk1OjE2OTI0NDg5NzQ6c3BfYnRmOjMwMDAxNjA3MTY3MjUzMjo6MDo6&url=%2FIndus-Valley-Cast-Iron-Kadai%2Fdp%2FB0C8YRCV29%2Fref%3Dsr_1_60_sspa%3Fkeywords%3Dcookware%26qid%3D1692448974%26sprefix%3Dcook%2B%252Caps%252C305%26sr%3D8-60-spons%26sp_csd%3Dd2lkZ2V0TmFtZT1zcF9idGY%26psc%3D1","https://m.media-amazon.com/images/I/5163KqJIP8L._AC_UL400_.jpg","javascript:void(0)","Sponsored","Sponsored","You are seeing this ad based on the product’s relevance to your search query.","https://www.amazon.in/s?k=cook+wear&sprefix=cook+%2Caps%2C305&ref=nb_sb_ss_ts-doa-p_4_5#","Let us know","https://www.amazon.in/sspa/click?ie=UTF8&spc=MTo1ODM2MTM1OTkxMTY3NTk1OjE2OTI0NDg5NzQ6c3BfYnRmOjMwMDAxNjA3MTY3MjUzMjo6MDo6&url=%2FIndus-Valley-Cast-Iron-Kadai%2Fdp%2FB0C8YRCV29%2Fref%3Dsr_1_60_sspa%3Fkeywords%3Dcookware%26qid%3D1692448974%26sprefix%3Dcook%2B%252Caps%252C305%26sr%3D8-60-spons%26sp_csd%3Dd2lkZ2V0TmFtZT1zcF9idGY%26psc%3D1","The Indus Valley Cast Iron Kadai/Kadhai for Cooking & Deep Frying with Flat Handle| Gas & Induction Friendly|Pre-Seasoned 100% Toxin-Free (Deep kadai 10.5 inch + Double Handle Silicone Grip)","Cast Iron","javascript:void(0)","3.6 out of 5 stars","https://www.amazon.in/sspa/click?ie=UTF8&spc=MTo1ODM2MTM1OTkxMTY3NTk1OjE2OTI0NDg5NzQ6c3BfYnRmOjMwMDAxNjA3MTY3MjUzMjo6MDo6&url=%2FIndus-Valley-Cast-Iron-Kadai%2Fdp%2FB0C8YRCV29%2Fref%3Dsr_1_60_sspa%3Fkeywords%3Dcookware%26qid%3D1692448974%26sprefix%3Dcook%2B%252Caps%252C305%26sr%3D8-60-spons%26sp_csd%3Dd2lkZ2V0TmFtZT1zcF9idGY%26psc%3D1#customerReviews","3.6","https://www.amazon.in/sspa/click?ie=UTF8&spc=MTo1ODM2MTM1OTkxMTY3NTk1OjE2OTI0NDg5NzQ6c3BfYnRmOjMwMDAxNjA3MTY3MjUzMjo6MDo6&url=%2FIndus-Valley-Cast-Iron-Kadai%2Fdp%2FB0C8YRCV29%2Fref%3Dsr_1_60_sspa%3Fkeywords%3Dcookware%26qid%3D1692448974%26sprefix%3Dcook%2B%252Caps%252C305%26sr%3D8-60-spons%26sp_csd%3Dd2lkZ2V0TmFtZT1zcF9idGY%26psc%3D1","₹1,649","1,649","66% 4+ stars","₹6,565","(75% off)","5% coupon applied at checkout","with coupon","Get it by","https://www.amazon.in/gp/goldbox/","Deal of the Day","M.R.P:","Save 5%"